Workbook

Sheet S2a-comp
A1: =S2a!A1 -> REGRESSOR | B1: =S2a!B1 -> COEFFICIENT | D1: =S2a_orig!A1 -> REGRESSOR | E1: =S2a_orig!B1 -> COEFFICIENT | G1: comp
A2: =S2a!A2 -> careNeedFlagL1 | B2: =S2a!B2 -> 1.6873924 | D2: =S2a_orig!A2 -> NeedCare_L1 | E2: =S2a_orig!B2 -> 1.6873924 | G2: =B2-E2 -> 0
A3: =S2a!A3 -> demMaleFlag | B3: =S2a!B3 -> -0.12684304 | D3: =S2a_orig!A3 -> Dgn | E3: =S2a_orig!B3 -> -0.12684304 | G3: =B3-E3 -> 0
A4: =S2a!A4 -> demAge67to68 | B4: =S2a!B4 -> -0.12345389 | D4: =S2a_orig!A4 -> Age67to68 | E4: =S2a_orig!B4 -> -0.12345389 | G4: =B4-E4 -> 0
A5: =S2a!A5 -> demAge69to70 | B5: =S2a!B5 -> -0.015198448 | D5: =S2a_orig!A5 -> Age69to70 | E5: =S2a_orig!B5 -> -0.015198448 | G5: =B5-E5 -> 0
A6: =S2a!A6 -> demAge71to72 | B6: =S2a!B6 -> 0.02309202 | D6: =S2a_orig!A6 -> Age71to72 | E6: =S2a_orig!B6 -> 0.02309202 | G6: =B6-E6 -> 0
A7: =S2a!A7 -> demAge73to74 | B7: =S2a!B7 -> 0.054451814 | D7: =S2a_orig!A7 -> Age73to74 | E7: =S2a_orig!B7 -> 0.054451814 | G7: =B7-E7 -> 0
A8: =S2a!A8 -> demAge75to76 | B8: =S2a!B8 -> 0.15215825 | D8: =S2a_orig!A8 -> Age75to76 | E8: =S2a_orig!B8 -> 0.15215825 | G8: =B8-E8 -> 0
A9: =S2a!A9 -> demAge77to78 | B9: =S2a!B9 -> 0.19919676 | D9: =S2a_orig!A9 -> Age77to78 | E9: =S2a_orig!B9 -> 0.19919676 | G9: =B9-E9 -> 0
A10: =S2a!A10 -> demAge79to80 | B10: =S2a!B10 -> 0.25040279 | D10: =S2a_orig!A10 -> Age79to80 | E10: =S2a_orig!B10 -> 0.25040279 | G10: =B10-E10 -> 0
A11: =S2a!A11 -> demAge81to82 | B11: =S2a!B11 -> 0.28255827 | D11: =S2a_orig!A11 -> Age81to82 | E11: =S2a_orig!B11 -> 0.28255827 | G11: =B11-E11 -> 0
A12: =S2a!A12 -> demAge83to84 | B12: =S2a!B12 -> 0.35127761 | D12: =S2a_orig!A12 -> Age83to84 | E12: =S2a_orig!B12 -> 0.35127761 | G12: =B12-E12 -> 0
A13: =S2a!A13 -> demAge85plus | B13: =S2a!B13 -> 0.51368692 | D13: =S2a_orig!A13 -> Age85plus | E13: =S2a_orig!B13 -> 0.51368692 | G13: =B13-E13 -> 0
... A37: =S2a!A37 -> Constant | B37: =S2a!B37 -> -0.4408915 | D37: =S2a_orig!A37 -> Constant | E37: =S2a_orig!B37 -> -0.4408915 | G37: =B37-E37 -> 0

Sheet S2b-comp
A1: =S2b!A1 -> REGRESSOR | B1: =S2b!B1 -> COEFFICIENT | D1: =S2b_orig!A1 -> REGRESSOR | E1: =S2b_orig!B1 -> COEFFICIENT | G1: comp
A2: =S2b!A2 -> careReceivedFlagL1 | B2: =S2b!B2 -> 2.2181656 | D2: =S2b_orig!A2 -> ReceiveCare_L1 | E2: =S2b_orig!B2 -> 2.2181656 | G2: =B2-E2 -> 0
A3: =S2b!A3 -> demMaleFlag | B3: =S2b!B3 -> -0.12752691 | D3: =S2b_orig!A3 -> Dgn | E3: =S2b_orig!B3 -> -0.12752691 | G3: =B3-E3 -> 0
A4: =S2b!A4 -> demAge67to68 | B4: =S2b!B4 -> -0.13212939 | D4: =S2b_orig!A4 -> Age67to68 | E4: =S2b_orig!B4 -> -0.13212939 | G4: =B4-E4 -> 0
A5: =S2b!A5 -> demAge69to70 | B5: =S2b!B5 -> -0.050951389 | D5: =S2b_orig!A5 -> Age69to70 | E5: =S2b_orig!B5 -> -0.050951389 | G5: =B5-E5 -> 0
A6: =S2b!A6 -> demAge71to72 | B6: =S2b!B6 -> -0.032245555 | D6: =S2b_orig!A6 -> Age71to72 | E6: =S2b_orig!B6 -> -0.032245555 | G6: =B6-E6 -> 0
A7: =S2b!A7 -> demAge73to74 | B7: =S2b!B7 -> -0.021038734 | D7: =S2b_orig!A7 -> Age73to74 | E7: =S2b_orig!B7 -> -0.021038734 | G7: =B7-E7 -> 0
A8: =S2b!A8 -> demAge75to76 | B8: =S2b!B8 -> 0.11811801 | D8: =S2b_orig!A8 -> Age75to76 | E8: =S2b_orig!B8 -> 0.11811801 | G8: =B8-E8 -> 0
A9: =S2b!A9 -> demAge77to78 | B9: =S2b!B9 -> 0.17611269 | D9: =S2b_orig!A9 -> Age77to78 | E9: =S2b_orig!B9 -> 0.17611269 | G9: =B9-E9 -> 0
A10: =S2b!A10 -> demAge79to80 | B10: =S2b!B10 -> 0.23294455 | D10: =S2b_orig!A10 -> Age79to80 | E10: =S2b_orig!B10 -> 0.23294455 | G10: =B10-E10 -> 0
A11: =S2b!A11 -> demAge81to82 | B11: =S2b!B11 -> 0.30934154 | D11: =S2b_orig!A11 -> Age81to82 | E11: =S2b_orig!B11 -> 0.30934154 | G11: =B11-E11 -> 0
A12: =S2b!A12 -> demAge83to84 | B12: =S2b!B12 -> 0.36060264 | D12: =S2b_orig!A12 -> Age83to84 | E12: =S2b_orig!B12 -> 0.36060264 | G12: =B12-E12 -> 0
A13: =S2b!A13 -> demAge85plus | B13: =S2b!B13 -> 0.53110232 | D13: =S2b_orig!A13 -> Age85plus | E13: =S2b_orig!B13 -> 0.53110232 | G13: =B13-E13 -> 0
... A41: =S2b!A41 -> Constant | B41: =S2b!B41 -> -0.83951647 | D41: =S2b_orig!A41 -> Constant | E41: =S2b_orig!B41 -> -0.83951647 | G41: =B41-E41 -> 0

Sheet S2c-comp
A1: =S2c!A1 -> REGRESSOR | B1: =S2c!B1 -> COEFFICIENT | D1: =S2c_orig!A1 -> REGRESSOR | E1: =S2c_orig!B1 -> COEFFICIENT | G1: comp
A2: =S2c!A2 -> careMarketFormalL1_Mixed | B2: =S2c!B2 -> 1.2882068 | D2: =S2c_orig!A2 -> CareMarketFormal_L1_Mixed | E2: =S2c_orig!B2 -> 1.2882068 | G2: =B2-E2 -> 0
A3: =S2c!A3 -> careMarketInformalL1_Mixed | B3: =S2c!B3 -> -1.2997993 | D3: =S2c_orig!A3 -> CareMarketInformal_L1_Mixed | E3: =S2c_orig!B3 -> -1.2997993 | G3: =B3-E3 -> 0
A4: =S2c!A4 -> careMarketMixedL1_Mixed | B4: =S2c!B4 -> 3.0061834 | D4: =S2c_orig!A4 -> CareMarketMixed_L1_Mixed | E4: =S2c_orig!B4 -> 3.0061834 | G4: =B4-E4 -> 0
A5: =S2c!A5 -> demMaleFlag_Mixed | B5: =S2c!B5 -> -0.1764564 | D5: =S2c_orig!A5 -> Dgn_Mixed | E5: =S2c_orig!B5 -> -0.1764564 | G5: =B5-E5 -> 0
A6: =S2c!A6 -> demAge67to68_Mixed | B6: =S2c!B6 -> -0.33236079 | D6: =S2c_orig!A6 -> Age67to68_Mixed | E6: =S2c_orig!B6 -> -0.33236079 | G6: =B6-E6 -> 0
A7: =S2c!A7 -> demAge69to70_Mixed | B7: =S2c!B7 -> 0.11943924 | D7: =S2c_orig!A7 -> Age69to70_Mixed | E7: =S2c_orig!B7 -> 0.11943924 | G7: =B7-E7 -> 0
A8: =S2c!A8 -> demAge71to72_Mixed | B8: =S2c!B8 -> 0.06841487 | D8: =S2c_orig!A8 -> Age71to72_Mixed | E8: =S2c_orig!B8 -> 0.06841487 | G8: =B8-E8 -> 0
A9: =S2c!A9 -> demAge73to74_Mixed | B9: =S2c!B9 -> 0.17073813 | D9: =S2c_orig!A9 -> Age73to74_Mixed | E9: =S2c_orig!B9 -> 0.17073813 | G9: =B9-E9 -> 0
A10: =S2c!A10 -> demAge75to76_Mixed | B10: =S2c!B10 -> 0.31008172 | D10: =S2c_orig!A10 -> Age75to76_Mixed | E10: =S2c_orig!B10 -> 0.31008172 | G10: =B10-E10 -> 0
A11: =S2c!A11 -> demAge77to78_Mixed | B11: =S2c!B11 -> 0.30640168 | D11: =S2c_orig!A11 -> Age77to78_Mixed | E11: =S2c_orig!B11 -> 0.30640168 | G11: =B11-E11 -> 0
A12: =S2c!A12 -> demAge79to80_Mixed | B12: =S2c!B12 -> 0.16318332 | D12: =S2c_orig!A12 -> Age79to80_Mixed | E12: =S2c_orig!B12 -> 0.16318332 | G12: =B12-E12 -> 0
A13: =S2c!A13 -> demAge81to82_Mixed | B13: =S2c!B13 -> 0.52756958 | D13: =S2c_orig!A13 -> Age81to82_Mixed | E13: =S2c_orig!B13 -> 0.52756958 | G13: =B13-E13 -> 0
... A85: =S2c!A85 -> Constant_Formal | B85: =S2c!B85 -> -0.96075646 | D85: =S2c_orig!A85 -> Constant_Formal | E85: =S2c_orig!B85 -> -0.96075646 | G85: =B85-E85 -> 0

Sheet S2d-comp
A1: =S2d!A1 -> REGRESSOR | B1: =S2d!B1 -> COEFFICIENT | D1: =S2d_orig!A1 -> REGRESSOR | E1: =S2d_orig!B1 -> COEFFICIENT | G1: comp
A2: =S2d!A2 -> careHrsInformalIhsL1 | B2: =S2d!B2 -> 0.17410708 | D2: =S2d_orig!A2 -> HrsReceivedInformalIHS_L1 | E2: =S2d_orig!B2 -> 0.17410708 | G2: =B2-E2 -> 0
A3: =S2d!A3 -> careMarketMixed | B3: =S2d!B3 -> 0.055669602 | D3: =S2d_orig!A3 -> CareMarketMixed | E3: =S2d_orig!B3 -> 0.055669602 | G3: =B3-E3 -> 0
A4: =S2d!A4 -> demMaleFlag | B4: =S2d!B4 -> 0.084035664 | D4: =S2d_orig!A4 -> Dgn | E4: =S2d_orig!B4 -> 0.084035664 | G4: =B4-E4 -> 0
A5: =S2d!A5 -> demAge | B5: =S2d!B5 -> -0.17449011 | D5: =S2d_orig!A5 -> Age | E5: =S2d_orig!B5 -> -0.17449011 | G5: =B5-E5 -> 0
A6: =S2d!A6 -> demAgeSq | B6: =S2d!B6 -> 0.0011387651 | D6: =S2d_orig!A6 -> AgeSquared | E6: =S2d_orig!B6 -> 0.0011387651 | G6: =B6-E6 -> 0
A7: =S2d!A7 -> healthSelfRatedFair | B7: =S2d!B7 -> -0.45901044 | D7: =S2d_orig!A7 -> Dhe_Fair | E7: =S2d_orig!B7 -> -0.45901044 | G7: =B7-E7 -> 0
A8: =S2d!A8 -> healthSelfRatedGood | B8: =S2d!B8 -> -0.53893809 | D8: =S2d_orig!A8 -> Dhe_Good | E8: =S2d_orig!B8 -> -0.53893809 | G8: =B8-E8 -> 0
A9: =S2d!A9 -> healthSelfRatedVeryGood | B9: =S2d!B9 -> -0.80813123 | D9: =S2d_orig!A9 -> Dhe_VeryGood | E9: =S2d_orig!B9 -> -0.80813123 | G9: =B9-E9 -> 0
A10: =S2d!A10 -> healthSelfRatedExcellent | B10: =S2d!B10 -> -0.81179725 | D10: =S2d_orig!A10 -> Dhe_Excellent | E10: =S2d_orig!B10 -> -0.81179725 | G10: =B10-E10 -> 0
A11: =S2d!A11 -> demPartnerStatusPartnered | B11: =S2d!B11 -> 0.3870772 | D11: =S2d_orig!A11 -> Partnered | E11: =S2d_orig!B11 -> 0.3870772 | G11: =B11-E11 -> 0
A12: =S2d!A12 -> eduHighestC4Medium | B12: =S2d!B12 -> 0.018085334 | D12: =S2d_orig!A12 -> Deh_c4_Medium | E12: =S2d_orig!B12 -> 0.018085334 | G12: =B12-E12 -> 0
A13: =S2d!A13 -> eduHighestC4Low | B13: =S2d!B13 -> 0.11722541 | D13: =S2d_orig!A13 -> Deh_c4_Low | E13: =S2d_orig!B13 -> 0.11722541 | G13: =B13-E13 -> 0
... A31: =S2d!A31 -> Constant | B31: =S2d!B31 -> 9.4082342 | D31: =S2d_orig!A31 -> Constant | E31: =S2d_orig!B31 -> 9.4082342 | G31: =B31-E31 -> 0

Sheet S2e-comp
A1: =S2e!A1 -> REGRESSOR | B1: =S2e!B1 -> COEFFICIENT | D1: =S2e_orig!A1 -> REGRESSOR | E1: =S2e_orig!B1 -> COEFFICIENT | G1: comp
A2: =S2e!A2 -> careHrsFormalIhsL1 | B2: =S2e!B2 -> 0.17964493 | D2: =S2e_orig!A2 -> HrsReceivedFormalIHS_L1 | E2: =S2e_orig!B2 -> 0.17964493 | G2: =B2-E2 -> 0
A3: =S2e!A3 -> careMarketMixed | B3: =S2e!B3 -> 0.073019221 | D3: =S2e_orig!A3 -> CareMarketMixed | E3: =S2e_orig!B3 -> 0.073019221 | G3: =B3-E3 -> 0
A4: =S2e!A4 -> demMaleFlag | B4: =S2e!B4 -> 0.15883971 | D4: =S2e_orig!A4 -> Dgn | E4: =S2e_orig!B4 -> 0.15883971 | G4: =B4-E4 -> 0
A5: =S2e!A5 -> healthSelfRatedFair | B5: =S2e!B5 -> -0.21800272 | D5: =S2e_orig!A5 -> Dhe_Fair | E5: =S2e_orig!B5 -> -0.21800272 | G5: =B5-E5 -> 0
A6: =S2e!A6 -> healthSelfRatedGood | B6: =S2e!B6 -> -0.24742633 | D6: =S2e_orig!A6 -> Dhe_Good | E6: =S2e_orig!B6 -> -0.24742633 | G6: =B6-E6 -> 0
A7: =S2e!A7 -> healthSelfRatedVeryGood | B7: =S2e!B7 -> -0.32481386 | D7: =S2e_orig!A7 -> Dhe_VeryGood | E7: =S2e_orig!B7 -> -0.32481386 | G7: =B7-E7 -> 0
A8: =S2e!A8 -> healthSelfRatedExcellent | B8: =S2e!B8 -> -0.54388519 | D8: =S2e_orig!A8 -> Dhe_Excellent | E8: =S2e_orig!B8 -> -0.54388519 | G8: =B8-E8 -> 0
A9: =S2e!A9 -> demPartnerStatusPartnered | B9: =S2e!B9 -> 0.055342145 | D9: =S2e_orig!A9 -> Partnered | E9: =S2e_orig!B9 -> 0.055342145 | G9: =B9-E9 -> 0
A10: =S2e!A10 -> eduHighestC4Medium | B10: =S2e!B10 -> -0.008853895 | D10: =S2e_orig!A10 -> Deh_c4_Medium | E10: =S2e_orig!B10 -> -0.008853895 | G10: =B10-E10 -> 0
A11: =S2e!A11 -> eduHighestC4Low | B11: =S2e!B11 -> 0.12565147 | D11: =S2e_orig!A11 -> Deh_c4_Low | E11: =S2e_orig!B11 -> 0.12565147 | G11: =B11-E11 -> 0
A12: =S2e!A12 -> yHhQuintilesMonthC5Q2 | B12: =S2e!B12 -> -0.078350465 | D12: =S2e_orig!A12 -> HHincomeQ2 | E12: =S2e_orig!B12 -> -0.078350465 | G12: =B12-E12 -> 0
A13: =S2e!A13 -> yHhQuintilesMonthC5Q3 | B13: =S2e!B13 -> -0.19452192 | D13: =S2e_orig!A13 -> HHincomeQ3 | E13: =S2e_orig!B13 -> -0.19452192 | G13: =B13-E13 -> 0
... A32: =S2e!A32 -> Constant | B32: =S2e!B32 -> 2.1594384 | D32: =S2e_orig!A32 -> Constant | E32: =S2e_orig!B32 -> 2.1594384 | G32: =B32-E32 -> 0

Sheet S3a-comp
A1: =S3a!A1 -> REGRESSOR | B1: =S3a!B1 -> COEFFICIENT | D1: =S3a_orig!A1 -> REGRESSOR | E1: =S3a_orig!B1 -> COEFFICIENT | G1: comp
A2: =S3a!A2 -> careProvidedFlagL1 | B2: =S3a!B2 -> 1.7326511 | D2: =S3a_orig!A2 -> ProvideCare_L1 | E2: =S3a_orig!B2 -> 1.7326511 | G2: =B2-E2 -> 0
A3: =S3a!A3 -> careNeedFlag | B3: =S3a!B3 -> -0.19339219 | D3: =S3a_orig!A3 -> NeedCare | E3: =S3a_orig!B3 -> -0.19339219 | G3: =B3-E3 -> 0
A4: =S3a!A4 -> careReceivedFlag | B4: =S3a!B4 -> -0.1543808 | D4: =S3a_orig!A4 -> ReceiveCare | E4: =S3a_orig!B4 -> -0.1543808 | G4: =B4-E4 -> 0
A5: =S3a!A5 -> demMaleFlag | B5: =S3a!B5 -> -0.12125404 | D5: =S3a_orig!A5 -> Dgn | E5: =S3a_orig!B5 -> -0.12125404 | G5: =B5-E5 -> 0
A6: =S3a!A6 -> demAge30to34 | B6: =S3a!B6 -> 0.1869161 | D6: =S3a_orig!A6 -> Age30to34 | E6: =S3a_orig!B6 -> 0.1869161 | G6: =B6-E6 -> 0
A7: =S3a!A7 -> demAge35to39 | B7: =S3a!B7 -> 0.2631549 | D7: =S3a_orig!A7 -> Age35to39 | E7: =S3a_orig!B7 -> 0.2631549 | G7: =B7-E7 -> 0
A8: =S3a!A8 -> demAge40to44 | B8: =S3a!B8 -> 0.29919214 | D8: =S3a_orig!A8 -> Age40to44 | E8: =S3a_orig!B8 -> 0.29919214 | G8: =B8-E8 -> 0
A9: =S3a!A9 -> demAge45to49 | B9: =S3a!B9 -> 0.38929563 | D9: =S3a_orig!A9 -> Age45to49 | E9: =S3a_orig!B9 -> 0.38929563 | G9: =B9-E9 -> 0
A10: =S3a!A10 -> demAge50to54 | B10: =S3a!B10 -> 0.43534554 | D10: =S3a_orig!A10 -> Age50to54 | E10: =S3a_orig!B10 -> 0.43534554 | G10: =B10-E10 -> 0
A11: =S3a!A11 -> demAge55to59 | B11: =S3a!B11 -> 0.39028061 | D11: =S3a_orig!A11 -> Age55to59 | E11: =S3a_orig!B11 -> 0.39028061 | G11: =B11-E11 -> 0
A12: =S3a!A12 -> demAge60to64 | B12: =S3a!B12 -> 0.36278579 | D12: =S3a_orig!A12 -> Age60to64 | E12: =S3a_orig!B12 -> 0.36278579 | G12: =B12-E12 -> 0
A13: =S3a!A13 -> demAge65to69 | B13: =S3a!B13 -> 0.32689542 | D13: =S3a_orig!A13 -> Age65to69 | E13: =S3a_orig!B13 -> 0.32689542 | G13: =B13-E13 -> 0
... A45: =S3a!A45 -> Constant | B45: =S3a!B45 -> -1.9191345 | D45: =S3a_orig!A45 -> Constant | E45: =S3a_orig!B45 -> -1.9191345 | G45: =B45-E45 -> 0

Sheet S3b-comp
A1: =S3b!A1 -> REGRESSOR | B1: =S3b!B1 -> COEFFICIENT | D1: =S3b_orig!A1 -> REGRESSOR | E1: =S3b_orig!B1 -> COEFFICIENT | G1: comp
A2: =S3b!A2 -> careProvidedFlagL1 | B2: =S3b!B2 -> 1.7671684 | D2: =S3b_orig!A2 -> ProvideCare_L1 | E2: =S3b_orig!B2 -> 1.7671684 | G2: =B2-E2 -> 0
A3: =S3b!A3 -> careNeedFlag | B3: =S3b!B3 -> -0.11580122 | D3: =S3b_orig!A3 -> NeedCare | E3: =S3b_orig!B3 -> -0.11580122 | G3: =B3-E3 -> 0
A4: =S3b!A4 -> careReceivedFlag | B4: =S3b!B4 -> -0.18533911 | D4: =S3b_orig!A4 -> ReceiveCare | E4: =S3b_orig!B4 -> -0.18533911 | G4: =B4-E4 -> 0
A5: =S3b!A5 -> demMaleFlag | B5: =S3b!B5 -> -0.15370725 | D5: =S3b_orig!A5 -> Dgn | E5: =S3b_orig!B5 -> -0.15370725 | G5: =B5-E5 -> 0
A6: =S3b!A6 -> careReceivedPartnerFlag | B6: =S3b!B6 -> 0.66425489 | D6: =S3b_orig!A6 -> ReceiveCarePartner | E6: =S3b_orig!B6 -> 0.66425489 | G6: =B6-E6 -> 0
A7: =S3b!A7 -> careMarketFormalPartner | B7: =S3b!B7 -> -0.48483946 | D7: =S3b_orig!A7 -> CareMarketFormalPartner | E7: =S3b_orig!B7 -> -0.48483946 | G7: =B7-E7 -> 0
A8: =S3b!A8 -> careMarketInformalPartner | B8: =S3b!B8 -> -0.16463146 | D8: =S3b_orig!A8 -> CareMarketInformalPartner | E8: =S3b_orig!B8 -> -0.16463146 | G8: =B8-E8 -> 0
A9: =S3b!A9 -> healthSelfRatedPoor | B9: =S3b!B9 -> -0.012612803 | D9: =S3b_orig!A9 -> Dhe_Poor | E9: =S3b_orig!B9 -> -0.012612803 | G9: =B9-E9 -> 0
A10: =S3b!A10 -> healthSelfRatedFair | B10: =S3b!B10 -> 0.048248016 | D10: =S3b_orig!A10 -> Dhe_Fair | E10: =S3b_orig!B10 -> 0.048248016 | G10: =B10-E10 -> 0
A11: =S3b!A11 -> healthSelfRatedGood | B11: =S3b!B11 -> 0.021417376 | D11: =S3b_orig!A11 -> Dhe_Good | E11: =S3b_orig!B11 -> 0.021417376 | G11: =B11-E11 -> 0
A12: =S3b!A12 -> healthSelfRatedVeryGood | B12: =S3b!B12 -> 0.02136601 | D12: =S3b_orig!A12 -> Dhe_VeryGood | E12: =S3b_orig!B12 -> 0.02136601 | G12: =B12-E12 -> 0
A13: =S3b!A13 -> healthPartnerSelfRatedFair | B13: =S3b!B13 -> -0.61092722 | D13: =S3b_orig!A13 -> Dhesp_Fair | E13: =S3b_orig!B13 -> -0.61092722 | G13: =B13-E13 -> 0
... A39: =S3b!A39 -> Constant | B39: =S3b!B39 -> -0.45676356 | D39: =S3b_orig!A39 -> Constant | E39: =S3b_orig!B39 -> -0.45676356 | G39: =B39-E39 -> 0

Sheet S3c-comp
A1: =S3c!A1 -> REGRESSOR | B1: =S3c!B1 -> COEFFICIENT | D1: =S3c_orig!A1 -> REGRESSOR | E1: =S3c_orig!B1 -> COEFFICIENT | G1: comp
A2: =S3c!A2 -> careHrsProvidedWeekIhsL1 | B2: =S3c!B2 -> 0.35394041 | D2: =S3c_orig!A2 -> HrsProvidedInformalIHS_L1 | E2: =S3c_orig!B2 -> 0.35394041 | G2: =B2-E2 -> 0
A3: =S3c!A3 -> demMaleFlag | B3: =S3c!B3 -> -0.13627711 | D3: =S3c_orig!A3 -> Dgn | E3: =S3c_orig!B3 -> -0.13627711 | G3: =B3-E3 -> 0
A4: =S3c!A4 -> demAge20to24 | B4: =S3c!B4 -> 0.071800147 | D4: =S3c_orig!A4 -> Age20to24 | E4: =S3c_orig!B4 -> 0.071800147 | G4: =B4-E4 -> 0
A5: =S3c!A5 -> demAge25to29 | B5: =S3c!B5 -> 0.32517447 | D5: =S3c_orig!A5 -> Age25to29 | E5: =S3c_orig!B5 -> 0.32517447 | G5: =B5-E5 -> 0
A6: =S3c!A6 -> demAge30to34 | B6: =S3c!B6 -> 0.4548636 | D6: =S3c_orig!A6 -> Age30to34 | E6: =S3c_orig!B6 -> 0.4548636 | G6: =B6-E6 -> 0
A7: =S3c!A7 -> demAge35to39 | B7: =S3c!B7 -> 0.28232431 | D7: =S3c_orig!A7 -> Age35to39 | E7: =S3c_orig!B7 -> 0.28232431 | G7: =B7-E7 -> 0
A8: =S3c!A8 -> demAge40to44 | B8: =S3c!B8 -> 0.29651361 | D8: =S3c_orig!A8 -> Age40to44 | E8: =S3c_orig!B8 -> 0.29651361 | G8: =B8-E8 -> 0
A9: =S3c!A9 -> demAge45to49 | B9: =S3c!B9 -> 0.4116622 | D9: =S3c_orig!A9 -> Age45to49 | E9: =S3c_orig!B9 -> 0.4116622 | G9: =B9-E9 -> 0
A10: =S3c!A10 -> demAge50to54 | B10: =S3c!B10 -> 0.19307168 | D10: =S3c_orig!A10 -> Age50to54 | E10: =S3c_orig!B10 -> 0.19307168 | G10: =B10-E10 -> 0
A11: =S3c!A11 -> demAge55to59 | B11: =S3c!B11 -> 0.1569153 | D11: =S3c_orig!A11 -> Age55to59 | E11: =S3c_orig!B11 -> 0.1569153 | G11: =B11-E11 -> 0
A12: =S3c!A12 -> demAge60to64 | B12: =S3c!B12 -> 0.087487403 | D12: =S3c_orig!A12 -> Age60to64 | E12: =S3c_orig!B12 -> 0.087487403 | G12: =B12-E12 -> 0
A13: =S3c!A13 -> demAge65to69 | B13: =S3c!B13 -> 0.03246383 | D13: =S3c_orig!A13 -> Age65to69 | E13: =S3c_orig!B13 -> 0.03246383 | G13: =B13-E13 -> 0
... A45: =S3c!A45 -> Constant | B45: =S3c!B45 -> 2.0918638 | D45: =S3c_orig!A45 -> Constant | E45: =S3c_orig!B45 -> 2.0918638 | G45: =B45-E45 -> 0

Sheet S3d-comp
A1: =S3d!A1 -> REGRESSOR | B1: =S3d!B1 -> COEFFICIENT | D1: =S3d_orig!A1 -> REGRESSOR | E1: =S3d_orig!B1 -> COEFFICIENT | G1: comp
A2: =S3d!A2 -> careHrsProvidedWeekIhsL1 | B2: =S3d!B2 -> 0.31106092 | D2: =S3d_orig!A2 -> HrsProvidedInformalIHS_L1 | E2: =S3d_orig!B2 -> 0.31106092 | G2: =B2-E2 -> 0
A3: =S3d!A3 -> demMaleFlag | B3: =S3d!B3 -> -0.16296205 | D3: =S3d_orig!A3 -> Dgn | E3: =S3d_orig!B3 -> -0.16296205 | G3: =B3-E3 -> 0
A4: =S3d!A4 -> demAge20to24 | B4: =S3d!B4 -> -0.21415897 | D4: =S3d_orig!A4 -> Age20to24 | E4: =S3d_orig!B4 -> -0.21415897 | G4: =B4-E4 -> 0
A5: =S3d!A5 -> demAge25to29 | B5: =S3d!B5 -> -0.051473896 | D5: =S3d_orig!A5 -> Age25to29 | E5: =S3d_orig!B5 -> -0.051473896 | G5: =B5-E5 -> 0
A6: =S3d!A6 -> demAge30to34 | B6: =S3d!B6 -> -0.06633164 | D6: =S3d_orig!A6 -> Age30to34 | E6: =S3d_orig!B6 -> -0.06633164 | G6: =B6-E6 -> 0
A7: =S3d!A7 -> demAge35to39 | B7: =S3d!B7 -> 0.027378891 | D7: =S3d_orig!A7 -> Age35to39 | E7: =S3d_orig!B7 -> 0.027378891 | G7: =B7-E7 -> 0
A8: =S3d!A8 -> demAge40to44 | B8: =S3d!B8 -> -0.23920834 | D8: =S3d_orig!A8 -> Age40to44 | E8: =S3d_orig!B8 -> -0.23920834 | G8: =B8-E8 -> 0
A9: =S3d!A9 -> demAge45to49 | B9: =S3d!B9 -> -0.23777153 | D9: =S3d_orig!A9 -> Age45to49 | E9: =S3d_orig!B9 -> -0.23777153 | G9: =B9-E9 -> 0
A10: =S3d!A10 -> demAge50to54 | B10: =S3d!B10 -> -0.25724304 | D10: =S3d_orig!A10 -> Age50to54 | E10: =S3d_orig!B10 -> -0.25724304 | G10: =B10-E10 -> 0
A11: =S3d!A11 -> demAge55to59 | B11: =S3d!B11 -> -0.32560769 | D11: =S3d_orig!A11 -> Age55to59 | E11: =S3d_orig!B11 -> -0.32560769 | G11: =B11-E11 -> 0
A12: =S3d!A12 -> demAge60to64 | B12: =S3d!B12 -> -0.32625344 | D12: =S3d_orig!A12 -> Age60to64 | E12: =S3d_orig!B12 -> -0.32625344 | G12: =B12-E12 -> 0
A13: =S3d!A13 -> demAge65to69 | B13: =S3d!B13 -> -0.37623104 | D13: =S3d_orig!A13 -> Age65to69 | E13: =S3d_orig!B13 -> -0.37623104 | G13: =B13-E13 -> 0
... A51: =S3d!A51 -> Constant | B51: =S3d!B51 -> 3.492109 | D51: =S3d_orig!A51 -> Constant | E51: =S3d_orig!B51 -> 3.492109 | G51: =B51-E51 -> 0

Sheet Info
A1: Description: | B1: Model parameters for social care module
A2: Authors: | B2: Justin van de Ven, Ashley Burdett, Matteo Richiardi, Daria Popova
A3: Last edit: | B3: 15 April 2026 (DP)
A5: Process: | B5: Description:
A6: S2a | B6: Prob. need care
A7: S2b | B7: Prob. receive care
A8: S2c | B8: Prob. receive Formal/informal care
A9: S2d | B9: Informal care hours received
A10: S2e | B10: Hours of formal care received
A11: S3a | B11: Prob. provide care, Singles
A12: S3b | B12: Prob. provide care, Partnered
A13: S3c | B13: Hours of informal care provided, Singles
... A20: Notes: | B20: Estimation sample: UK_ipop.dta with grossing up weight dwt
B21: Conditions for processes are defined as globals in master.do

Sheet Gof
A1: Goodness of fit
A3: S2a - Need care
A4: Pseudo R-squared | B4: 0.36461738 | E4: Chi^2 | F4: 14785.972
A5: N | B5: 54373 | E5: Log likelihood | F5: -20016369
A7: S2b - Receive care
A8: Pseudo R-squared | B8: 0.50263891 | E8: Chi^2 | F8: 9545.5902
A9: N | B9: 41190 | E9: Log likelihood | F9: -9105217.8
A11: S2c - Formal vs Informal
A12: Pseudo R-squared | B12: 0.44763566 | E12: Chi^2 | F12: 2344.458
A13: N | B13: 8063 | E13: Log likelihood | F13: -3294026.7
A15: S2d - Hours of informal care received
A16: R-squared | B16: 0.21715921
A17: N | B17: 7172
A19: S2e - Hours of formal care received
A20: R-squared | B20: 0.1525355
A21: N | B21: 2494
A23: S3a - Provide care, Singles
A24: Pseudo R-squared | B24: 0.29773881 | E24: Chi^2 | F24: 10178.2
A25: N | B25: 75641 | E25: Log likelihood | F25: -16772009
A27: S3b - Provide care, Partnered
A28: Pseudo R-squared | B28: 0.33023428 | E28: Chi^2 | F28: 20428.599
A29: N | B29: 111092 | E29: Log likelihood | F29: -31790170
A31: S3c - Hours of informal care provided, Singles
A32: R-squared | B32: 0.31561903
A33: N | B33: 11932
A35: S3d - Hours of informal care provided, Partnered
A36: R-squared | B36: 0.32544962
A37: N | B37: 24828

Sheet S2a_orig
A1: REGRESSOR | B1: COEFFICIENT | C1: NeedCare_L1 | D1: Dgn | E1: Age67to68 | F1: Age69to70 | G1: Age71to72 | H1: Age73to74 | I1: Age75to76 | J1: Age77to78 | K1: Age79to80 | L1: Age81to82 | M1: Age83to84 | N1: Age85plus | O1: Dhe_Fair | P1: Dhe_Good | Q1: Dhe_VeryGood | R1: Dhe_Excellent | S1: Partnered | T1: Deh_c4_Medium | U1: Deh_c4_Low | V1: Y2020 | W1: Y2021 | X1: demRgnUKC | Y1: demRgnUKD | Z1: demRgnUKE | AA1: demRgnUKF | AB1: demRgnUKG | AC1: demRgnUKH | AD1: demRgnUKJ | AE1: demRgnUKK | AF1: demRgnUKL | AG1: demRgnUKM | AH1: demRgnUKN | AI1: demEthnC4Asian | AJ1: demEthnC4Black | AK1: demEthnC4Other | AL1: Constant
A2: NeedCare_L1 | B2: 1.6873924 | C2: 0.00027294044 | D2: 1.3097117e-05 | E2: -3.2689148e-05 | F2: -3.3996891e-05 | G2: -5.0014555e-05 | H2: -5.4472952e-05 | I2: -5.9071034e-05 | J2: -6.0738817e-05 | K2: -6.6418008e-05 | L2: -6.6942143e-05 | M2: -7.9230183e-05 | N2: -9.0583724e-05 | O2: 1.9039568e-05 | P2: 3.6549344e-05 | Q2: 4.6943284e-05 | R2: 4.9403005e-05 | S2: -7.3011003e-06 | T2: -7.0827368e-06 | U2: -1.9939996e-05 | V2: -4.8031705e-06 | W2: 1.7104589e-06 | X2: 8.0717975e-06 | Y2: 8.3251736e-07 | Z2: 4.5637547e-07 | AA2: 3.7451334e-06 | AB2: 3.1596911e-06 | AC2: 1.8702347e-05 | AD2: 4.7896369e-06 | AE2: 1.0139376e-05 | AF2: 6.5306897e-06 | AG2: 2.2617978e-06 | AH2: 1.365322e-06 | AI2: -3.0734437e-05 | AJ2: 1.0464404e-05 | AK2: -8.6245348e-06 | AL2: -7.3527871e-05
A3: Dgn | B3: -0.12684304 | C3: 1.3097117e-05 | D3: 0.00025193158 | E3: -1.0869444e-05 | F3: -1.8536349e-05 | G3: -1.3621841e-05 | H3: -1.6101834e-05 | I3: -2.2415272e-05 | J3: -2.2817241e-05 | K3: -2.0987328e-05 | L3: -3.9362069e-05 | M3: -3.1129982e-05 | N3: -4.6311411e-05 | O3: 2.3209508e-05 | P3: 3.2084256e-05 | Q3: 4.3601913e-05 | R3: 3.1105877e-05 | S3: -5.6668529e-05 | T3: 3.1847363e-05 | U3: 4.3486427e-05 | V3: 9.3840104e-06 | W3: -6.2162645e-06 | X3: 1.8574575e-05 | Y3: 4.7713475e-06 | Z3: 1.3138076e-05 | AA3: -1.8652182e-06 | AB3: 3.564722e-06 | AC3: 7.3898155e-06 | AD3: 8.334713e-06 | AE3: 1.6080173e-05 | AF3: 1.0358242e-05 | AG3: 8.7344686e-07 | AH3: 3.8804626e-07 | AI3: -2.1940878e-05 | AJ3: 1.0517737e-05 | AK3: -2.4188494e-05 | AL3: -0.00013337219
A4: Age67to68 | B4: -0.12345389 | C4: -3.2689148e-05 | D4: -1.0869444e-05 | E4: 0.0011289429 | F4: 0.00058861808 | G4: 0.00059137632 | H4: 0.00059324753 | I4: 0.00059482387 | J4: 0.00059592072 | K4: 0.00059792183 | L4: 0.00059972607 | M4: 0.00060189459 | N4: 0.00060634816 | O4: -1.7644862e-06 | P4: -2.28263e-06 | Q4: 6.8258216e-07 | R4: -6.3033258e-06 | S4: 4.2971427e-06 | T4: -2.0594551e-05 | U4: -3.9839438e-05 | V4: -1.5848866e-06 | W4: -4.5960801e-06 | X4: -1.6917012e-05 | Y4: -5.6421799e-06 | Z4: -7.4114112e-06 | AA4: 4.2261461e-06 | AB4: -1.2725422e-05 | AC4: -1.5194057e-05 | AD4: -7.8536849e-06 | AE4: -2.9529019e-06 | AF4: 2.552223e-06 | AG4: -1.3616426e-05 | AH4: 7.2311498e-08 | AI4: 2.7232105e-05 | AJ4: -5.1515883e-05 | AK4: -1.9830226e-05 | AL4: -0.00054619839
A5: Age69to70 | B5: -0.015198448 | C5: -3.3996891e-05 | D5: -1.8536349e-05 | E5: 0.00058861808 | F5: 0.0010757913 | G5: 0.00059401179 | H5: 0.00059399144 | I5: 0.00059550136 | J5: 0.00059648788 | K5: 0.00059808066 | L5: 0.00060015141 | M5: 0.00060315942 | N5: 0.00060860593 | O5: -1.689838e-05 | P5: -9.39809e-06 | Q5: -8.917978e-06 | R5: -2.484918e-05 | S5: 9.7750074e-06 | T5: -1.2721769e-05 | U5: -3.1220245e-05 | V5: 3.4906221e-06 | W5: 4.7883188e-06 | X5: -1.8357323e-05 | Y5: -2.7241967e-05 | Z5: -2.3875314e-05 | AA5: -1.9948942e-05 | AB5: -2.7114232e-05 | AC5: -1.5768282e-05 | AD5: -2.3440437e-05 | AE5: -2.2583676e-05 | AF5: -1.3439487e-05 | AG5: -1.1915808e-05 | AH5: 8.180719e-07 | AI5: 0.00015245021 | AJ5: -2.7808548e-05 | AK5: -6.7311818e-06 | AL5: -0.00053510337
A6: Age71to72 | B6: 0.02309202 | C6: -5.0014555e-05 | D6: -1.3621841e-05 | E6: 0.00059137632 | F6: 0.00059401179 | G6: 0.0010870341 | H6: 0.00060225428 | I6: 0.0006039467 | J6: 0.00060507446 | K6: 0.00060707464 | L6: 0.00060965701 | M6: 0.00061201388 | N6: 0.00061941397 | O6: -1.9487983e-05 | P6: -3.0913613e-05 | Q6: -2.7515975e-06 | R6: -3.0999546e-05 | S6: 2.6865617e-06 | T6: -1.5632976e-05 | U6: -4.888916e-05 | V6: -1.6964289e-05 | W6: 3.8108783e-06 | X6: -3.180783e-05 | Y6: -3.4734157e-05 | Z6: -2.7826718e-05 | AA6: -3.7629796e-05 | AB6: -4.5508692e-05 | AC6: -3.9530939e-05 | AD6: -3.5953548e-05 | AE6: -3.6564533e-05 | AF6: -8.9483244e-06 | AG6: -2.1954347e-05 | AH6: -5.3065926e-06 | AI6: 5.1060621e-05 | AJ6: -5.0474941e-05 | AK6: 0.00035145525 | AL6: -0.00050406504
A7: Age73to74 | B7: 0.054451814 | C7: -5.4472952e-05 | D7: -1.6101834e-05 | E7: 0.00059324753 | F7: 0.00059399144 | G7: 0.00060225428 | H7: 0.0011037669 | I7: 0.0006069269 | J7: 0.00060859724 | K7: 0.00061118226 | L7: 0.00061333808 | M7: 0.0006163482 | N7: 0.00062453033 | O7: -4.7928072e-05 | P7: -4.2133057e-05 | Q7: -3.1190571e-05 | R7: -3.7154234e-05 | S7: 1.7171433e-05 | T7: -2.0924e-05 | U7: -5.4617295e-05 | V7: -2.5152943e-05 | W7: -2.7653894e-05 | X7: -1.4530196e-05 | Y7: -3.3871987e-05 | Z7: -3.2532627e-05 | AA7: -2.840895e-05 | AB7: -5.1833988e-05 | AC7: -3.5962216e-05 | AD7: -3.4955274e-05 | AE7: -2.7485321e-05 | AF7: -2.4980327e-05 | AG7: -2.8489188e-05 | AH7: -1.162377e-06 | AI7: 6.5516841e-05 | AJ7: -5.1411413e-05 | AK7: 2.8948684e-06 | AL7: -0.00048363888
A8: Age75to76 | B8: 0.15215825 | C8: -5.9071034e-05 | D8: -2.2415272e-05 | E8: 0.00059482387 | F8: 0.00059550136 | G8: 0.0006039467 | H8: 0.0006069269 | I8: 0.0011789938 | J8: 0.00061209387 | K8: 0.00061515056 | L8: 0.0006187716 | M8: 0.00062245898 | N8: 0.00063412253 | O8: -4.3876709e-05 | P8: -4.9403357e-05 | Q8: -4.3166941e-05 | R8: -4.9424451e-05 | S8: 2.8910941e-05 | T8: -3.323286e-05 | U8: -6.7015555e-05 | V8: -2.3370898e-05 | W8: -1.6424547e-05 | X8: 2.6913096e-05 | Y8: -8.4230002e-06 | Z8: -6.1661472e-06 | AA8: 8.1724923e-07 | AB8: -1.2496588e-05 | AC8: -5.7251304e-06 | AD8: -6.4480874e-06 | AE8: -5.2218338e-06 | AF8: -2.8539058e-06 | AG8: 7.9550936e-06 | AH8: 1.9128819e-05 | AI8: 8.4287949e-05 | AJ8: -4.1114183e-05 | AK8: 8.8618727e-06 | AL8: -0.00050338362
A9: Age77to78 | B9: 0.19919676 | C9: -6.0738817e-05 | D9: -2.2817241e-05 | E9: 0.00059592072 | F9: 0.00059648788 | G9: 0.00060507446 | H9: 0.00060859724 | I9: 0.00061209387 | J9: 0.0013242307 | K9: 0.00061911189 | L9: 0.00062267473 | M9: 0.00062662449 | N9: 0.00064042426 | O9: -4.6546736e-05 | P9: -6.1667081e-05 | Q9: -3.2139725e-05 | R9: -5.9169967e-05 | S9: 3.4200213e-05 | T9: -3.7390338e-05 | U9: -7.4293719e-05 | V9: -1.632975e-05 | W9: -1.2248891e-05 | X9: -5.0629195e-07 | Y9: -1.1600304e-05 | Z9: -2.8643986e-05 | AA9: -8.4872608e-06 | AB9: -2.1429251e-05 | AC9: -3.1147763e-05 | AD9: -2.0271494e-05 | AE9: -1.9457024e-05 | AF9: -1.6814344e-05 | AG9: -1.5559887e-05 | AH9: 8.1834133e-06 | AI9: 6.3528315e-05 | AJ9: -9.5775788e-05 | AK9: -2.7062473e-05 | AL9: -0.00048649865
A10: Age79to80 | B10: 0.25040279 | C10: -6.6418008e-05 | D10: -2.0987328e-05 | E10: 0.00059792183 | F10: 0.00059808066 | G10: 0.00060707464 | H10: 0.00061118226 | I10: 0.00061515056 | J10: 0.00061911189 | K10: 0.0014723438 | L10: 0.00062800787 | M10: 0.00063248836 | N10: 0.00064755141 | O10: -7.2234381e-05 | P10: -6.8199452e-05 | Q10: -4.6366683e-05 | R10: -5.8851901e-05 | S10: 4.4961294e-05 | T10: -2.9044446e-05 | U10: -7.3351287e-05 | V10: -6.1207441e-06 | W10: -1.2235071e-05 | X10: -2.9147284e-07 | Y10: -1.7784603e-05 | Z10: -1.2050421e-05 | AA10: -2.1575206e-05 | AB10: -2.8605346e-05 | AC10: -4.2532919e-05 | AD10: -1.4334336e-05 | AE10: -2.7621612e-05 | AF10: -1.6291319e-05 | AG10: -2.2754199e-05 | AH10: -8.268069e-06 | AI10: 6.4280623e-05 | AJ10: -8.9574058e-05 | AK10: 2.11539e-05 | AL10: -0.00048472343
A11: Age81to82 | B11: 0.28255827 | C11: -6.6942143e-05 | D11: -3.9362069e-05 | E11: 0.00059972607 | F11: 0.00060015141 | G11: 0.00060965701 | H11: 0.00061333808 | I11: 0.0006187716 | J11: 0.00062267473 | K11: 0.00062800787 | L11: 0.0017917794 | M11: 0.00063729426 | N11: 0.00065151233 | O11: -8.5236044e-05 | P11: -8.442636e-05 | Q11: -6.0493155e-05 | R11: -7.1989478e-05 | S11: 4.603314e-05 | T11: -1.7018467e-05 | U11: -7.8848893e-05 | V11: -9.833882e-06 | W11: 2.0189141e-05 | X11: 5.3955496e-05 | Y11: 6.7343706e-06 | Z11: -1.1894853e-05 | AA11: -4.7253403e-06 | AB11: -1.2055901e-05 | AC11: -4.5534452e-05 | AD11: -1.4649548e-05 | AE11: -3.0961825e-05 | AF11: -1.9537866e-05 | AG11: -2.4883164e-05 | AH11: -1.44661e-05 | AI11: 4.4613964e-05 | AJ11: -8.9673015e-05 | AK11: 2.466909e-05 | AL11: -0.00047905486
A12: Age83to84 | B12: 0.35127761 | C12: -7.9230183e-05 | D12: -3.1129982e-05 | E12: 0.00060189459 | F12: 0.00060315942 | G12: 0.00061201388 | H12: 0.0006163482 | I12: 0.00062245898 | J12: 0.00062662449 | K12: 0.00063248836 | L12: 0.00063729426 | M12: 0.0019707018 | N12: 0.00066182069 | O12: -5.8583281e-05 | P12: -5.6908756e-05 | Q12: -3.4367194e-05 | R12: -2.9311744e-05 | S12: 6.8342323e-05 | T12: -2.6078882e-05 | U12: -7.1394757e-05 | V12: -2.719476e-06 | W12: 2.7660854e-05 | X12: -2.0542729e-05 | Y12: -4.8541505e-05 | Z12: -6.5818107e-05 | AA12: -5.2238969e-05 | AB12: -4.2774681e-05 | AC12: -8.3899888e-05 | AD12: -7.261212e-05 | AE12: -6.4006179e-05 | AF12: -5.9980341e-05 | AG12: -5.0995396e-05 | AH12: -4.2115061e-05 | AI12: 3.3901291e-05 | AJ12: -7.396501e-05 | AK12: -3.8184982e-05 | AL12: -0.00048079185
A13: Age85plus | B13: 0.51368692 | C13: -9.0583724e-05 | D13: -4.6311411e-05 | E13: 0.00060634816 | F13: 0.00060860593 | G13: 0.00061941397 | H13: 0.00062453033 | I13: 0.00063412253 | J13: 0.00064042426 | K13: 0.00064755141 | L13: 0.00065151233 | M13: 0.00066182069 | N13: 0.0013672982 | O13: -7.3733632e-05 | P13: -0.00010700903 | Q13: -7.9967097e-05 | R13: -8.4079506e-05 | S13: 0.00011508822 | T13: -2.54078e-05 | U13: -9.3190344e-05 | V13: 6.9990029e-06 | W13: 1.200674e-05 | X13: -3.9418818e-05 | Y13: 5.5764236e-07 | Z13: -2.2782634e-05 | AA13: 7.1125162e-06 | AB13: -3.0265137e-05 | AC13: -4.0514008e-05 | AD13: -1.5144879e-05 | AE13: -3.4670217e-05 | AF13: -2.1016803e-05 | AG13: -2.4023955e-05 | AH13: -1.3510577e-05 | AI13: 7.6814733e-05 | AJ13: -8.161535e-05 | AK13: -2.8097116e-06 | AL13: -0.0005010095
... A37: Constant | B37: -0.4408915 | C37: -7.3527871e-05 | D37: -0.00013337219 | E37: -0.00054619839 | F37: -0.00053510337 | G37: -0.00050406504 | H37: -0.00048363888 | I37: -0.00050338362 | J37: -0.00048649865 | K37: -0.00048472343 | L37: -0.00047905486 | M37: -0.00048079185 | N37: -0.0005010095 | O37: -0.00097388101 | P37: -0.00098144036 | Q37: -0.00099825857 | R37: -0.0009583982 | S37: -0.00013348851 | T37: -0.00033482638 | U37: -0.00035542111 | V37: -7.5833832e-05 | W37: -9.8534948e-05 | X37: -0.0010607897 | Y37: -0.0010825139 | Z37: -0.00107461 | AA37: -0.0010162128 | AB37: -0.001044322 | AC37: -0.0010505392 | AD37: -0.0010598993 | AE37: -0.0010639822 | AF37: -0.0010800828 | AG37: -0.0010824759 | AH37: -0.0010721694 | AI37: -0.00045464188 | AJ37: -0.00061061325 | AK37: 1.8436909e-05 | AL37: 0.0029260232

Sheet S2b_orig
A1: REGRESSOR | B1: COEFFICIENT | C1: ReceiveCare_L1 | D1: Dgn | E1: Age67to68 | F1: Age69to70 | G1: Age71to72 | H1: Age73to74 | I1: Age75to76 | J1: Age77to78 | K1: Age79to80 | L1: Age81to82 | M1: Age83to84 | N1: Age85plus | O1: Dhe_Fair | P1: Dhe_Good | Q1: Dhe_VeryGood | R1: Dhe_Excellent | S1: Partnered | T1: Deh_c4_Medium | U1: Deh_c4_Low | V1: HHincomeQ2 | W1: HHincomeQ3 | X1: HHincomeQ4 | Y1: HHincomeQ5 | Z1: Y2020 | AA1: Y2021 | AB1: demRgnUKC | AC1: demRgnUKD | AD1: demRgnUKE | AE1: demRgnUKF | AF1: demRgnUKG | AG1: demRgnUKH | AH1: demRgnUKJ | AI1: demRgnUKK | AJ1: demRgnUKL | AK1: demRgnUKM | AL1: demRgnUKN | AM1: demEthnC4Asian | AN1: demEthnC4Black | AO1: demEthnC4Other | AP1: Constant
A2: ReceiveCare_L1 | B2: 2.2181656 | C2: 0.00069643796 | D2: 3.6414725e-05 | E2: -5.0557064e-05 | F2: -7.1078652e-05 | G2: -8.9888081e-05 | H2: -8.866692e-05 | I2: -7.0963846e-05 | J2: -8.7994977e-05 | K2: -7.4330486e-05 | L2: -6.7900071e-05 | M2: -0.00013033221 | N2: -0.00012860235 | O2: 2.2798116e-05 | P2: 3.1872851e-05 | Q2: 7.0577458e-05 | R2: 0.00011542608 | S2: -1.0585398e-05 | T2: 1.2244034e-05 | U2: -1.3781796e-05 | V2: 3.1964071e-05 | W2: 3.134672e-05 | X2: 3.3120415e-05 | Y2: 4.2099025e-05 | Z2: -5.8274121e-05 | AA2: -9.028906e-06 | AB2: 5.7330779e-05 | AC2: 5.6005579e-06 | AD2: -2.4936114e-06 | AE2: 2.4064016e-05 | AF2: 5.8726108e-07 | AG2: 2.4119858e-05 | AH2: 7.7961337e-06 | AI2: -1.4478226e-05 | AJ2: -2.1957721e-05 | AK2: 4.8257749e-07 | AL2: -5.7032621e-05 | AM2: -1.3056339e-05 | AN2: -1.3830816e-05 | AO2: 5.6157079e-05 | AP2: -0.00016670048
A3: Dgn | B3: -0.12752691 | C3: 3.6414725e-05 | D3: 0.00053279697 | E3: -1.7353806e-06 | F3: 3.2019554e-06 | G3: -3.1024427e-05 | H3: -1.9728672e-05 | I3: -4.2845603e-05 | J3: -3.3731384e-05 | K3: -1.8825868e-05 | L3: -5.5920246e-05 | M3: -5.0798121e-05 | N3: -7.865907e-05 | O3: 2.4171246e-05 | P3: 4.6437897e-05 | Q3: 0.00010586575 | R3: 7.3880337e-05 | S3: -0.00012949883 | T3: 5.25892e-05 | U3: 8.1260015e-05 | V3: 4.2442922e-06 | W3: 3.4583295e-06 | X3: 4.5501227e-06 | Y3: -1.0391211e-05 | Z3: 8.3324933e-06 | AA3: -4.3894907e-05 | AB3: 5.4177348e-05 | AC3: 1.3410111e-05 | AD3: 3.2234754e-05 | AE3: -1.6463008e-05 | AF3: 7.3640977e-08 | AG3: 1.749326e-05 | AH3: 4.9649028e-06 | AI3: 2.7892697e-05 | AJ3: 4.9132153e-06 | AK3: 1.1426253e-05 | AL3: -8.1854584e-06 | AM3: 2.10251e-05 | AN3: -1.7144193e-05 | AO3: -2.1189914e-05 | AP3: -0.00025024726
A4: Age67to68 | B4: -0.13212939 | C4: -5.0557064e-05 | D4: -1.7353806e-06 | E4: 0.0024063575 | F4: 0.0011771617 | G4: 0.0011816045 | H4: 0.0011854236 | I4: 0.001182213 | J4: 0.0011913645 | K4: 0.0011895245 | L4: 0.0011915057 | M4: 0.0011925448 | N4: 0.0011875901 | O4: 3.0596272e-05 | P4: 7.6386929e-05 | Q4: 5.6491252e-05 | R4: 0.00010033082 | S4: -2.7016941e-06 | T4: 1.5643493e-05 | U4: -9.0565257e-06 | V4: -2.0828129e-05 | W4: -1.4822105e-05 | X4: 0.00011805634 | Y4: 9.9889877e-05 | Z4: 3.6271202e-06 | AA4: -0.00013148179 | AB4: -7.8872859e-05 | AC4: -6.4209665e-06 | AD4: 1.4205135e-05 | AE4: -4.2141011e-05 | AF4: -0.00011611805 | AG4: -3.6295026e-05 | AH4: 2.6836206e-05 | AI4: -9.4236133e-05 | AJ4: 3.5985286e-05 | AK4: 2.2034121e-05 | AL4: -2.5386396e-05 | AM4: 8.7430815e-05 | AN4: 4.3734546e-06 | AO4: -0.000175709 | AP4: -0.0011810686
A5: Age69to70 | B5: -0.050951389 | C5: -7.1078652e-05 | D5: 3.2019554e-06 | E5: 0.0011771617 | F5: 0.0022542006 | G5: 0.0011951173 | H5: 0.0011965586 | I5: 0.0011937921 | J5: 0.0012054334 | K5: 0.0012103708 | L5: 0.0012187998 | M5: 0.0012301281 | N5: 0.0012320128 | O5: 2.1778089e-05 | P5: 5.7042398e-05 | Q5: 7.6284889e-05 | R5: 7.9823601e-05 | S5: 4.6622977e-05 | T5: 5.3941174e-06 | U5: -3.9481217e-05 | V5: -4.3744814e-05 | W5: -1.4964014e-05 | X5: 8.7471546e-05 | Y5: 0.00017014681 | Z5: 4.1948182e-05 | AA5: -5.1344357e-05 | AB5: -8.5450379e-05 | AC5: -6.6469943e-05 | AD5: -6.0753064e-05 | AE5: -6.6116736e-05 | AF5: -9.6191031e-05 | AG5: -7.5674049e-05 | AH5: -5.2510779e-05 | AI5: -8.250482e-05 | AJ5: -2.07832e-05 | AK5: -2.5827031e-05 | AL5: -3.8432056e-05 | AM5: 0.00010058777 | AN5: 2.3724194e-05 | AO5: -8.8391748e-05 | AP5: -0.0011729306
A6: Age71to72 | B6: -0.032245555 | C6: -8.9888081e-05 | D6: -3.1024427e-05 | E6: 0.0011816045 | F6: 0.0011951173 | G6: 0.0022893437 | H6: 0.0012022553 | I6: 0.0011997015 | J6: 0.001211994 | K6: 0.0012167587 | L6: 0.0012228188 | M6: 0.0012137437 | N6: 0.0012138146 | O6: 4.1603868e-05 | P6: 7.9813804e-05 | Q6: 7.4508538e-05 | R6: 0.00023987495 | S6: 1.6877444e-05 | T6: 3.8998457e-05 | U6: 3.1306076e-06 | V6: -8.7743722e-05 | W6: -5.8221219e-05 | X6: 7.613536e-05 | Y6: 0.0001788469 | Z6: 1.9244914e-05 | AA6: -0.00010872782 | AB6: -6.4351857e-05 | AC6: -7.8736016e-05 | AD6: -4.3251648e-05 | AE6: -8.8960141e-05 | AF6: -0.00014594423 | AG6: -4.0679977e-05 | AH6: -1.6604031e-05 | AI6: -0.00012262356 | AJ6: -3.7345277e-05 | AK6: -6.9760213e-05 | AL6: -4.2188938e-05 | AM6: 4.3996151e-05 | AN6: 1.7400514e-05 | AO6: -8.5991344e-05 | AP6: -0.0011382895
A7: Age73to74 | B7: -0.021038734 | C7: -8.866692e-05 | D7: -1.9728672e-05 | E7: 0.0011854236 | F7: 0.0011965586 | G7: 0.0012022553 | H7: 0.0023648499 | I7: 0.0012095299 | J7: 0.0012247743 | K7: 0.0012326156 | L7: 0.0012383894 | M7: 0.0012248058 | N7: 0.0012402687 | O7: -3.0266544e-05 | P7: 4.0302364e-05 | Q7: 3.8430951e-05 | R7: 0.00010961196 | S7: 5.2786523e-05 | T7: 1.1796172e-05 | U7: -5.9547113e-05 | V7: -7.84015e-05 | W7: -4.2108941e-05 | X7: 9.6857305e-05 | Y7: 9.6517788e-05 | Z7: -7.8072786e-05 | AA7: -0.00014729272 | AB7: 3.3282276e-05 | AC7: -7.3500475e-05 | AD7: -1.8692218e-05 | AE7: -4.2320067e-05 | AF7: -0.00014911457 | AG7: -4.4248172e-05 | AH7: 5.8151446e-06 | AI7: -5.8545917e-05 | AJ7: -2.0894357e-05 | AK7: -1.8714854e-05 | AL7: -5.1774114e-07 | AM7: 0.0001596067 | AN7: 4.1655637e-05 | AO7: -0.00019699016 | AP7: -0.0011073635
A8: Age75to76 | B8: 0.11811801 | C8: -7.0963846e-05 | D8: -4.2845603e-05 | E8: 0.001182213 | F8: 0.0011937921 | G8: 0.0011997015 | H8: 0.0012095299 | I8: 0.0024521605 | J8: 0.0012264256 | K8: 0.0012349709 | L8: 0.0012458851 | M8: 0.0012357762 | N8: 0.0012582188 | O8: -4.0267264e-05 | P8: -1.3914254e-05 | Q8: -2.2701766e-05 | R8: -1.0911539e-05 | S8: 8.8053998e-05 | T8: -2.0478409e-06 | U8: -7.7694916e-05 | V8: -9.4275753e-05 | W8: -3.919901e-05 | X8: 8.2845619e-05 | Y8: 7.2067934e-05 | Z8: -3.8637855e-05 | AA8: -0.0001217753 | AB8: 6.0709173e-05 | AC8: 3.9298475e-05 | AD8: 5.025477e-05 | AE8: 3.6109478e-05 | AF8: -5.462951e-05 | AG8: 4.0278155e-06 | AH8: 6.9370364e-05 | AI8: -2.1726922e-05 | AJ8: 3.1569562e-05 | AK8: 9.0801118e-05 | AL8: 3.9567476e-05 | AM8: 0.00011352607 | AN8: 1.7811561e-05 | AO8: -0.00010505703 | AP8: -0.001139466
A9: Age77to78 | B9: 0.17611269 | C9: -8.7994977e-05 | D9: -3.3731384e-05 | E9: 0.0011913645 | F9: 0.0012054334 | G9: 0.001211994 | H9: 0.0012247743 | I9: 0.0012264256 | J9: 0.0026446761 | K9: 0.0012489799 | L9: 0.001253275 | M9: 0.0012424773 | N9: 0.0012603938 | O9: -1.2978493e-05 | P9: -1.9295115e-05 | Q9: 4.022627e-05 | R9: 5.7639739e-05 | S9: 4.7956595e-05 | T9: 3.8506524e-05 | U9: -4.8237521e-05 | V9: -0.00010736659 | W9: -3.0047392e-05 | X9: 0.00012206653 | Y9: 0.00012922138 | Z9: -4.9323078e-05 | AA9: -0.00015512822 | AB9: -3.8952883e-05 | AC9: -1.6778608e-05 | AD9: -9.2416618e-05 | AE9: -4.4870708e-05 | AF9: -0.00015220477 | AG9: -4.8447999e-05 | AH9: -4.7489012e-05 | AI9: -0.0001216851 | AJ9: -6.2103723e-05 | AK9: -3.7082998e-05 | AL9: -3.3377018e-05 | AM9: 6.1770585e-05 | AN9: -0.00010464023 | AO9: -0.0002166079 | AP9: -0.0010757258
A10: Age79to80 | B10: 0.23294455 | C10: -7.4330486e-05 | D10: -1.8825868e-05 | E10: 0.0011895245 | F10: 0.0012103708 | G10: 0.0012167587 | H10: 0.0012326156 | I10: 0.0012349709 | J10: 0.0012489799 | K10: 0.0029085969 | L10: 0.0012747278 | M10: 0.0012650508 | N10: 0.0012899298 | O10: -5.8887196e-05 | P10: -3.7187759e-05 | Q10: -2.0992029e-05 | R10: 7.837296e-05 | S10: 0.00011262567 | T10: -5.7457338e-06 | U10: -0.00010689447 | V10: -0.0001575724 | W10: -6.5720501e-05 | X10: 7.2479117e-05 | Y10: 8.4902963e-05 | Z10: -4.2964645e-05 | AA10: -0.00013224594 | AB10: 4.5069295e-05 | AC10: -6.9039783e-05 | AD10: -3.1288312e-05 | AE10: -3.2359389e-05 | AF10: -0.00013229502 | AG10: -5.8420182e-05 | AH10: 4.85535e-06 | AI10: -0.00011882501 | AJ10: -5.031492e-05 | AK10: -3.4897767e-05 | AL10: -5.2370831e-05 | AM10: 8.8746106e-06 | AN10: -8.5303432e-05 | AO10: -0.00019065055 | AP10: -0.0010420752
A11: Age81to82 | B11: 0.30934154 | C11: -6.7900071e-05 | D11: -5.5920246e-05 | E11: 0.0011915057 | F11: 0.0012187998 | G11: 0.0012228188 | H11: 0.0012383894 | I11: 0.0012458851 | J11: 0.001253275 | K11: 0.0012747278 | L11: 0.0034432209 | M11: 0.0012848487 | N11: 0.0013084367 | O11: -0.00015347596 | P11: -0.00013145693 | Q11: -5.41781e-05 | R11: 0.00017003208 | S11: 0.00011813535 | T11: 4.6426235e-05 | U11: -9.1163707e-05 | V11: -6.2788663e-05 | W11: -1.3800966e-05 | X11: 0.0001697731 | Y11: 0.00016750787 | Z11: -5.9454827e-05 | AA11: -4.6913643e-05 | AB11: 0.00011718866 | AC11: -0.00010411506 | AD11: -0.00012563563 | AE11: -8.4629985e-05 | AF11: -0.00022026006 | AG11: -0.00011589637 | AH11: -0.00011249651 | AI11: -0.00018489775 | AJ11: -9.7498029e-05 | AK11: -8.5500201e-05 | AL11: -0.00010250553 | AM11: 2.5258964e-05 | AN11: -5.9159915e-05 | AO11: -0.0001851419 | AP11: -0.0010184515
A12: Age83to84 | B12: 0.36060264 | C12: -0.00013033221 | D12: -5.0798121e-05 | E12: 0.0011925448 | F12: 0.0012301281 | G12: 0.0012137437 | H12: 0.0012248058 | I12: 0.0012357762 | J12: 0.0012424773 | K12: 0.0012650508 | L12: 0.0012848487 | M12: 0.0041022046 | N12: 0.0012887969 | O12: -4.7720865e-05 | P12: 2.2018142e-05 | Q12: 1.4428199e-05 | R12: 9.8651237e-05 | S12: 0.00013796594 | T12: 2.6260352e-05 | U12: -4.7996171e-05 | V12: -0.00013938148 | W12: -0.00010055349 | X12: 5.0816606e-05 | Y12: 3.9792835e-05 | Z12: 3.2898684e-05 | AA12: 5.302448e-05 | AB12: 0.00012146721 | AC12: -8.3826723e-06 | AD12: -7.6962659e-05 | AE12: -5.7484106e-05 | AF12: -3.1499848e-05 | AG12: -0.0001159597 | AH12: -5.2729442e-05 | AI12: -6.1242627e-05 | AJ12: -6.9185164e-05 | AK12: -2.0749368e-05 | AL12: -6.5570242e-05 | AM12: 2.7061142e-05 | AN12: -3.3598159e-05 | AO12: -0.00019711667 | AP12: -0.0011417784
A13: Age85plus | B13: 0.53110232 | C13: -0.00012860235 | D13: -7.865907e-05 | E13: 0.0011875901 | F13: 0.0012320128 | G13: 0.0012138146 | H13: 0.0012402687 | I13: 0.0012582188 | J13: 0.0012603938 | K13: 0.0012899298 | L13: 0.0013084367 | M13: 0.0012887969 | N13: 0.0024749653 | O13: -9.7574555e-05 | P13: -0.0001132346 | Q13: -6.8374972e-05 | R13: -9.5900471e-05 | S13: 0.00025114024 | T13: -1.0366317e-05 | U13: -0.00013149912 | V13: -8.5396822e-05 | W13: -4.1091962e-05 | X13: 7.9297111e-05 | Y13: 9.7670791e-05 | Z13: -1.606425e-05 | AA13: -7.2475971e-05 | AB13: -0.00011268795 | AC13: -6.4814821e-05 | AD13: -0.00010419148 | AE13: -2.1243469e-05 | AF13: -0.00019337826 | AG13: -8.4158048e-05 | AH13: -2.3779323e-05 | AI13: -0.0001671789 | AJ13: -6.279662e-05 | AK13: -5.6072583e-05 | AL13: -7.9302639e-05 | AM13: 8.1720764e-05 | AN13: -7.2758776e-05 | AO13: -0.00020963635 | AP13: -0.001062764
... A41: Constant | B41: -0.83951647 | C41: -0.00016670048 | D41: -0.00025024726 | E41: -0.0011810686 | F41: -0.0011729306 | G41: -0.0011382895 | H41: -0.0011073635 | I41: -0.001139466 | J41: -0.0010757258 | K41: -0.0010420752 | L41: -0.0010184515 | M41: -0.0011417784 | N41: -0.001062764 | O41: -0.0014069079 | P41: -0.0013690446 | Q41: -0.0013997813 | R41: -0.0013231035 | S41: -0.00013263713 | T41: -0.00099984664 | U41: -0.0011560534 | V41: -0.00060911236 | W41: -0.00075985563 | X41: -0.0011645045 | Y41: -0.0012310058 | Z41: -0.00020197751 | AA41: -0.00012503987 | AB41: -0.0025033826 | AC41: -0.0024668318 | AD41: -0.0024704705 | AE41: -0.0023210078 | AF41: -0.0023712612 | AG41: -0.0024261153 | AH41: -0.0024391376 | AI41: -0.0023996934 | AJ41: -0.0024441011 | AK41: -0.0025253855 | AL41: -0.0024811321 | AM41: -0.0014398125 | AN41: -0.0015561798 | AO41: -0.00052127625 | AP41: 0.006555914

Sheet S2c_orig_raw
A1: CATEGORY | B1: REGRESSOR | C1: COEFFICIENT
A2: Informal | B2: o.CareMarketFormal_L1 | C2: 0
A3: Informal | B3: o.CareMarketInformal_L1 | C3: 0
A4: Informal | B4: o.CareMarketMixed_L1 | C4: 0
A5: Informal | B5: o.Dgn | C5: 0
A6: Informal | B6: o.Age67to68 | C6: 0
A7: Informal | B7: o.Age69to70 | C7: 0
A8: Informal | B8: o.Age71to72 | C8: 0
A9: Informal | B9: o.Age73to74 | C9: 0
A10: Informal | B10: o.Age75to76 | C10: 0
A11: Informal | B11: o.Age77to78 | C11: 0
A12: Informal | B12: o.Age79to80 | C12: 0
A13: Informal | B13: o.Age81to82 | C13: 0
... A127: Formal | B127: _cons | C127: -0.96075646

Sheet S2c_orig
A1: REGRESSOR | B1: COEFFICIENT | C1: CareMarketFormal_L1_Mixed | D1: CareMarketInformal_L1_Mixed | E1: CareMarketMixed_L1_Mixed | F1: Dgn_Mixed | G1: Age67to68_Mixed | H1: Age69to70_Mixed | I1: Age71to72_Mixed | J1: Age73to74_Mixed | K1: Age75to76_Mixed | L1: Age77to78_Mixed | M1: Age79to80_Mixed | N1: Age81to82_Mixed | O1: Age83to84_Mixed | P1: Age85plus_Mixed | Q1: Dhe_Fair_Mixed | R1: Dhe_Good_Mixed | S1: Dhe_VeryGood_Mixed | T1: Dhe_Excellent_Mixed | U1: Partnered_Mixed | V1: Deh_c4_Medium_Mixed | W1: Deh_c4_Low_Mixed | X1: HHincomeQ2_Mixed | Y1: HHincomeQ3_Mixed | Z1: HHincomeQ4_Mixed | AA1: HHincomeQ5_Mixed | AB1: Y2020_Mixed | AC1: Y2021_Mixed | AD1: demRgnUKC_Mixed | AE1: demRgnUKD_Mixed | AF1: demRgnUKE_Mixed | AG1: demRgnUKF_Mixed | AH1: demRgnUKG_Mixed | AI1: demRgnUKH_Mixed | AJ1: demRgnUKJ_Mixed | AK1: demRgnUKK_Mixed | AL1: demRgnUKL_Mixed | AM1: demRgnUKM_Mixed | AN1: demRgnUKN_Mixed | AO1: demEthnC4Asian_Mixed | AP1: demEthnC4Black_Mixed | AQ1: demEthnC4Other_Mixed | AR1: Constant_Mixed | AS1: CareMarketFormal_L1_Formal | AT1: CareMarketInformal_L1_Formal | AU1: CareMarketMixed_L1_Formal | AV1: Dgn_Formal | AW1: Age67to68_Formal | AX1: Age69to70_Formal | AY1: Age71to72_Formal | AZ1: Age73to74_Formal | BA1: Age75to76_Formal | BB1: Age77to78_Formal | BC1: Age79to80_Formal | BD1: Age81to82_Formal | BE1: Age83to84_Formal | BF1: Age85plus_Formal | BG1: Dhe_Fair_Formal | BH1: Dhe_Good_Formal | BI1: Dhe_VeryGood_Formal | BJ1: Dhe_Excellent_Formal | BK1: Partnered_Formal | BL1: Deh_c4_Medium_Formal | BM1: Deh_c4_Low_Formal | BN1: HHincomeQ2_Formal | BO1: HHincomeQ3_Formal | BP1: HHincomeQ4_Formal | BQ1: HHincomeQ5_Formal | BR1: Y2020_Formal | BS1: Y2021_Formal | BT1: demRgnUKC_Formal | BU1: demRgnUKD_Formal | BV1: demRgnUKE_Formal | BW1: demRgnUKF_Formal | BX1: demRgnUKG_Formal | BY1: demRgnUKH_Formal | BZ1: demRgnUKJ_Formal | CA1: demRgnUKK_Formal | CB1: demRgnUKL_Formal | CC1: demRgnUKM_Formal | CD1: demRgnUKN_Formal | CE1: demEthnC4Asian_Formal | CF1: demEthnC4Black_Formal | CG1: demEthnC4Other_Formal | CH1: Constant_Formal
A2: CareMarketFormal_L1_Mixed | B2: 1.2882068 | C2: 0.043231651 | D2: 0.0053946808 | E2: 0.0051403454 | F2: 0.00010427315 | G2: -0.00021993938 | H2: -0.0018645217 | I2: -0.0020541403 | J2: -0.0003571186 | K2: -0.0035552266 | L2: -0.0024896578 | M2: -0.0024045829 | N2: -0.00095026769 | O2: -0.0026139553 | P2: -0.0035880704 | Q2: 0.001453968 | R2: 0.0019349739 | S2: 0.0014992083 | T2: 0.0025876088 | U2: 0.00073994369 | V2: 0.0006418005 | W2: 0.00042500064 | X2: 0.00051806998 | Y2: 0.00084151354 | Z2: 0.0017054435 | AA2: 0.00020000076 | AB2: -0.0016449181 | AC2: -0.00021058282 | AD2: 0.0010574802 | AE2: 0.0023723218 | AF2: 0.0016098264 | AG2: 0.0022077637 | AH2: 0.0015310031 | AI2: 0.0016945269 | AJ2: 0.0016137497 | AK2: 0.0015657441 | AL2: 0.0020226957 | AM2: 0.0013709984 | AN2: 0.00090770463 | AO2: 0.0014056279 | AP2: -0.0033556475 | AQ2: 0.0023879061 | AR2: -0.0069328854 | AS2: 0.021465901 | AT2: 0.00052317339 | AU2: 0.00037939555 | AV2: 0.00059432744 | AW2: -0.0018448064 | AX2: -0.00042582076 | AY2: -0.0023864564 | AZ2: -0.003046529 | BA2: -0.0016535512 | BB2: -0.00093350681 | BC2: -4.4266453e-05 | BD2: -0.004774274 | BE2: -0.0019889818 | BF2: -0.00027233753 | BG2: -0.00018688149 | BH2: 0.0016152351 | BI2: -0.00053911915 | BJ2: 0.011864548 | BK2: -0.00057142173 | BL2: -6.9612235e-05 | BM2: -0.00038969782 | BN2: 0.00015501277 | BO2: -0.003030438 | BP2: -0.0019202241 | BQ2: -0.00074889691 | BR2: -0.0011396846 | BS2: -0.0020130172 | BT2: -0.0077019078 | BU2: -0.0021143847 | BV2: -0.00056358862 | BW2: -0.0038936765 | BX2: -0.004445775 | BY2: -0.00031922516 | BZ2: -0.0041977246 | CA2: -0.00030062379 | CB2: -0.0041504731 | CC2: -0.0021974254 | CD2: -0.0030162663 | CE2: -0.00013836613 | CF2: -0.0066251896 | CG2: 0.00024101339 | CH2: 0.0036224691
A3: CareMarketInformal_L1_Mixed | B3: -1.2997993 | C3: 0.0053946808 | D3: 0.011769462 | E3: 0.0051919759 | F3: 0.00012571691 | G3: 0.00063055265 | H3: -3.6411195e-05 | I3: 4.1643355e-05 | J3: -0.0013433683 | K3: -0.0016368725 | L3: -0.0019474116 | M3: -0.0019819147 | N3: -0.0028534232 | O3: -0.0017984792 | P3: -0.0028100185 | Q3: 0.00093425222 | R3: 0.0016476112 | S3: 0.0014712549 | T3: 0.00047943216 | U3: 0.00021969575 | V3: -0.00074119351 | W3: -0.0017373093 | X3: 0.0014234817 | Y3: 0.0013460187 | Z3: 1.4061097e-05 | AA3: -0.00067292735 | AB3: -0.0015414414 | AC3: 0.0005477043 | AD3: 0.0014636627 | AE3: 0.0011244881 | AF3: 0.0012416416 | AG3: -0.00058218168 | AH3: -2.4072646e-05 | AI3: 0.00017979607 | AJ3: 0.00026547321 | AK3: 0.00075178446 | AL3: -7.6448492e-05 | AM3: -0.00058107078 | AN3: -0.00048821206 | AO3: 2.7970184e-05 | AP3: -0.00021452073 | AQ3: 0.0010761589 | AR3: -0.0045615769 | AS3: 0.001171542 | AT3: 0.0019420227 | AU3: 0.0010504827 | AV3: 6.3305679e-05 | AW3: -0.00010331295 | AX3: -5.338899e-05 | AY3: -9.2689422e-05 | AZ3: -0.0007199232 | BA3: -0.00050100624 | BB3: -0.00043949782 | BC3: -0.00057957499 | BD3: -0.00096636245 | BE3: -0.00047572166 | BF3: -0.00093393989 | BG3: 0.00031468225 | BH3: 0.0004999897 | BI3: 0.00051327394 | BJ3: 0.0010408047 | BK3: 0.00036482566 | BL3: -0.0003006164 | BM3: -0.00049260828 | BN3: 0.00010612306 | BO3: 0.00016083157 | BP3: -0.00073287386 | BQ3: -0.00038808488 | BR3: -0.00042509218 | BS3: 0.00030063208 | BT3: 0.00054598636 | BU3: 0.00053208915 | BV3: 0.00021445507 | BW3: -0.00017833734 | BX3: 5.8846246e-05 | BY3: -9.3942801e-05 | BZ3: 0.00021651105 | CA3: 0.0002118517 | CB3: -0.00017026689 | CC3: -0.0001875041 | CD3: -0.00049871707 | CE3: -0.00013826944 | CF3: 8.3689089e-05 | CG3: -0.00015953872 | CH3: -0.00077221851
A4: CareMarketMixed_L1_Mixed | B4: 3.0061834 | C4: 0.0051403454 | D4: 0.0051919759 | E4: 0.01547645 | F4: -0.00014900964 | G4: -0.0017970738 | H4: -0.00088776287 | I4: -0.0018034936 | J4: -0.0010785289 | K4: -0.001394385 | L4: -0.0021409994 | M4: -0.0017559541 | N4: -0.0010946813 | O4: -0.00057899077 | P4: -0.0021315359 | Q4: 0.000814685 | R4: 0.00054065387 | S4: 0.00057484221 | T4: -0.0017057096 | U4: -0.00018584789 | V4: -0.00093819152 | W4: -0.0017297059 | X4: 0.0014678087 | Y4: 0.0015131069 | Z4: 0.0011730188 | AA4: -6.0645062e-05 | AB4: -0.0020610891 | AC4: 7.6747208e-05 | AD4: 0.0002977066 | AE4: -0.00019926923 | AF4: 2.74466e-07 | AG4: -0.00043720824 | AH4: 4.3497965e-05 | AI4: 0.00029796244 | AJ4: 0.00060342418 | AK4: -0.00063926163 | AL4: -0.00045710957 | AM4: -0.0010040912 | AN4: -0.0013541068 | AO4: -0.00051054623 | AP4: 0.001028415 | AQ4: -0.00025564256 | AR4: -0.0033560856 | AS4: 0.0010349208 | AT4: 0.0010956861 | AU4: 0.0097246261 | AV4: -0.00011416836 | AW4: -0.00077325021 | AX4: -0.00044463986 | AY4: -0.00070797568 | AZ4: -0.0004170918 | BA4: -0.00037792563 | BB4: -0.00058625133 | BC4: -0.00068544329 | BD4: -0.00013171926 | BE4: 0.00016390928 | BF4: -0.00062050405 | BG4: 0.00045921821 | BH4: 0.00021593217 | BI4: 0.00016515276 | BJ4: 0.00030346032 | BK4: 0.00012804303 | BL4: -0.00034993321 | BM4: -0.00058582344 | BN4: 0.00022013466 | BO4: 0.00036839079 | BP4: -0.00011845628 | BQ4: -0.00012035023 | BR4: -0.00077160092 | BS4: 0.0001988442 | BT4: -0.00038443349 | BU4: -0.00035950367 | BV4: -0.00056330217 | BW4: -0.00050746433 | BX4: -6.5099816e-05 | BY4: -0.00032337634 | BZ4: 0.00011355886 | CA4: -0.00066435562 | CB4: -0.00061455388 | CC4: -0.00063840801 | CD4: -0.00099018669 | CE4: -0.0005566352 | CF4: 0.00068841947 | CG4: -0.00076467438 | CH4: -0.00013070251
A5: Dgn_Mixed | B5: -0.1764564 | C5: 0.00010427315 | D5: 0.00012571691 | E5: -0.00014900964 | F5: 0.0087254067 | G5: -0.00050997048 | H5: 8.6087656e-05 | I5: 0.00029294222 | J5: 0.00038709125 | K5: -2.7116922e-05 | L5: -0.00027907104 | M5: -0.00088343861 | N5: -0.0018564324 | O5: -0.00067251423 | P5: -0.00076550452 | Q5: 0.00093757444 | R5: 0.0010339667 | S5: 0.0013203745 | T5: -0.00059622366 | U5: -0.0017199465 | V5: 0.00071741363 | W5: 0.0013903275 | X5: 0.0002645993 | Y5: 0.00017899795 | Z5: 0.00012356533 | AA5: 0.00014946934 | AB5: -0.0003541701 | AC5: -0.0001154798 | AD5: 0.00078736817 | AE5: 0.0010556337 | AF5: 0.00041705667 | AG5: 0.00029127545 | AH5: 0.001176881 | AI5: 0.00032478686 | AJ5: -0.00020328693 | AK5: 0.00065175212 | AL5: 0.00064451677 | AM5: 0.00017347089 | AN5: 0.00018845413 | AO5: -1.8073199e-05 | AP5: 2.0800991e-05 | AQ5: 0.001990577 | AR5: -0.0043467786 | AS5: 2.8350964e-05 | AT5: 0.00028036298 | AU5: -0.00058302663 | AV5: 0.0029144575 | AW5: -0.001067191 | AX5: -0.0007336335 | AY5: -0.00014145808 | AZ5: -0.00022507422 | BA5: -0.00015704098 | BB5: -0.00077245476 | BC5: -0.00025449599 | BD5: -0.0012155185 | BE5: -0.00033684275 | BF5: -0.00029427611 | BG5: 0.00030601257 | BH5: -0.00017408998 | BI5: 5.6606835e-05 | BJ5: 9.0703032e-05 | BK5: -0.00033728273 | BL5: -0.00011309886 | BM5: 0.00021401518 | BN5: -0.00011260717 | BO5: -0.00025976831 | BP5: -0.00034570048 | BQ5: -0.00022071085 | BR5: 0.00021661644 | BS5: 0.00031682982 | BT5: 0.00057904351 | BU5: 0.00070292111 | BV5: -0.00036207248 | BW5: -4.263255e-05 | BX5: 0.00033677156 | BY5: 0.00048349514 | BZ5: 0.00037120944 | CA5: 0.00035227734 | CB5: 0.00046003172 | CC5: 0.00017271622 | CD5: 0.00044917131 | CE5: -0.00023999389 | CF5: 0.00036976857 | CG5: 0.00089534613 | CH5: -0.00089352528
A6: Age67to68_Mixed | B6: -0.33236079 | C6: -0.00021993938 | D6: 0.00063055265 | E6: -0.0017970738 | F6: -0.00050997048 | G6: 0.063875119 | H6: 0.03146254 | I6: 0.031956518 | J6: 0.031491279 | K6: 0.031801773 | L6: 0.031941302 | M6: 0.032014993 | N6: 0.032295201 | O6: 0.032252606 | P6: 0.032850285 | Q6: -0.00094314074 | R6: -0.0010649452 | S6: -0.0015308762 | T6: -0.00015512247 | U6: 0.002349615 | V6: 0.00030946681 | W6: -0.00057992045 | X6: -5.2375726e-05 | Y6: 0.00057008125 | Z6: 0.00046164584 | AA6: 0.00049969226 | AB6: 0.00057247123 | AC6: 0.00062719164 | AD6: 0.0043587135 | AE6: 0.0017192212 | AF6: 0.0035380887 | AG6: 0.0020207352 | AH6: 3.6671473e-05 | AI6: 0.00032306665 | AJ6: -0.0002338703 | AK6: 0.00086347745 | AL6: 0.0024810695 | AM6: 0.0033002776 | AN6: 0.0017890171 | AO6: 0.0022393505 | AP6: 0.0046339811 | AQ6: 0.004715338 | AR6: -0.033737726 | AS6: -0.00063733686 | AT6: -0.00078363468 | AU6: -0.0020738551 | AV6: -0.00095622472 | AW6: 0.014665951 | AX6: 0.0069134484 | AY6: 0.0070640828 | AZ6: 0.0068055553 | BA6: 0.0069962182 | BB6: 0.0069726658 | BC6: 0.0068820227 | BD6: 0.0070599723 | BE6: 0.0070985926 | BF6: 0.0075816282 | BG6: -0.0010404353 | BH6: -0.0011580128 | BI6: -0.00062528799 | BJ6: -0.00095849712 | BK6: 0.0013901837 | BL6: 0.00063233962 | BM6: -3.7952322e-05 | BN6: -0.00025700484 | BO6: -0.00015593087 | BP6: -0.0011828958 | BQ6: -0.00018119945 | BR6: 0.0012508061 | BS6: 0.00026249165 | BT6: 0.0031591546 | BU6: 0.0014020092 | BV6: 0.0022186112 | BW6: 0.0023930581 | BX6: 0.00062115831 | BY6: 0.0026888769 | BZ6: 0.00039728959 | CA6: 0.0017857223 | CB6: 0.0020541974 | CC6: 0.0019664701 | CD6: 0.0018683468 | CE6: 0.0014090692 | CF6: 0.0022382119 | CG6: -0.00012861278 | CH6: -0.0080165179
A7: Age69to70_Mixed | B7: 0.11943924 | C7: -0.0018645217 | D7: -3.6411195e-05 | E7: -0.00088776287 | F7: 8.6087656e-05 | G7: 0.03146254 | H7: 0.061776392 | I7: 0.032901786 | J7: 0.032310423 | K7: 0.033125777 | L7: 0.03312133 | M7: 0.032872902 | N7: 0.034107422 | O7: 0.034154846 | P7: 0.03451415 | Q7: -0.0038448348 | R7: -0.0045489103 | S7: -0.0044550916 | T7: -0.0038838357 | U7: 0.0014219297 | V7: -0.00753587 | W7: -0.0071509149 | X7: -1.7694585e-05 | Y7: -0.00093716158 | Z7: 0.0007519938 | AA7: -0.0010274049 | AB7: -0.00030190602 | AC7: 0.0060759381 | AD7: 0.0072504468 | AE7: 0.0052146525 | AF7: 0.0039703022 | AG7: 0.0015684109 | AH7: 0.0020422151 | AI7: 0.0010143389 | AJ7: -0.00044804932 | AK7: 0.00039132909 | AL7: 0.0029694989 | AM7: 0.0027842807 | AN7: 0.0030962623 | AO7: 0.00026201979 | AP7: 0.005526845 | AQ7: 0.0054772714 | AR7: -0.027177449 | AS7: -0.00067389225 | AT7: -0.00041470838 | AU7: -0.0013064404 | AV7: -0.00056049019 | AW7: 0.0071436512 | AX7: 0.015389521 | AY7: 0.0073331879 | AZ7: 0.0072018566 | BA7: 0.0072347426 | BB7: 0.0071923121 | BC7: 0.0071072373 | BD7: 0.0075968105 | BE7: 0.0076860827 | BF7: 0.0076302855 | BG7: -0.0011696573 | BH7: -0.0018117904 | BI7: -0.0012381344 | BJ7: -0.0016667121 | BK7: 0.0011854402 | BL7: -0.0026317847 | BM7: -0.0024695091 | BN7: -0.00023353244 | BO7: -0.00058625854 | BP7: -0.00029114341 | BQ7: -0.0012395748 | BR7: 0.00090124663 | BS7: 0.0022163231 | BT7: 0.0032838787 | BU7: 0.0027088049 | BV7: 0.0016313355 | BW7: 0.0018888554 | BX7: 0.0017888254 | BY7: 0.0016630493 | BZ7: 0.00064826212 | CA7: 0.0011734286 | CB7: 0.0018973786 | CC7: 0.00180233 | CD7: 0.0027409373 | CE7: -0.00045044868 | CF7: 0.0030292258 | CG7: 0.00088109861 | CH7: -0.0060081741
A8: Age71to72_Mixed | B8: 0.06841487 | C8: -0.0020541403 | D8: 4.1643355e-05 | E8: -0.0018034936 | F8: 0.00029294222 | G8: 0.031956518 | H8: 0.032901786 | I8: 0.055516418 | J8: 0.033001331 | K8: 0.033735727 | L8: 0.033476216 | M8: 0.033949084 | N8: 0.034302755 | O8: 0.034103938 | P8: 0.034399167 | Q8: -0.0041822747 | R8: -0.0037581961 | S8: -0.0030524323 | T8: -0.0060547365 | U8: 0.0010219917 | V8: 0.00075954112 | W8: -0.00075750881 | X8: -0.0029835848 | Y8: 6.4985318e-05 | Z8: 0.0013826696 | AA8: -0.00018146477 | AB8: -0.001325321 | AC8: 0.0036135778 | AD8: -0.00059681758 | AE8: -0.0001175259 | AF8: -0.0032375605 | AG8: -0.0031341658 | AH8: -0.0017805001 | AI8: -0.0042592463 | AJ8: -0.0052823001 | AK8: -0.0034398732 | AL8: -0.0014669631 | AM8: -0.0020328275 | AN8: -0.002183517 | AO8: -0.00033659814 | AP8: 0.0018576706 | AQ8: 0.0032917754 | AR8: -0.027084208 | AS8: -0.0011390439 | AT8: -0.001011093 | AU8: -0.00055674503 | AV8: 7.0069623e-05 | AW8: 0.0069485945 | AX8: 0.0070459597 | AY8: 0.01450969 | AZ8: 0.0072128885 | BA8: 0.0073004656 | BB8: 0.0070336454 | BC8: 0.0071546947 | BD8: 0.0075806041 | BE8: 0.0074116391 | BF8: 0.0073247657 | BG8: -0.0014805934 | BH8: -0.0015055445 | BI8: -0.0008867653 | BJ8: -0.0032213942 | BK8: 0.00057360357 | BL8: 0.00028719953 | BM8: -0.00019140723 | BN8: -0.00066588773 | BO8: 8.9321526e-05 | BP8: 0.00084218597 | BQ8: -0.00050050371 | BR8: 0.00015594468 | BS8: 0.0011604061 | BT8: 0.0006678694 | BU8: 0.00031946178 | BV8: -0.00019464653 | BW8: 0.00024744023 | BX8: 0.00020321957 | BY8: -0.00012927734 | BZ8: -0.0012371177 | CA8: -0.00038751575 | CB8: 0.00016438305 | CC8: 2.3997251e-06 | CD8: 0.00016591586 | CE8: 0.00034282047 | CF8: 0.0011959515 | CG8: 0.001194269 | CH8: -0.0061158276
A9: Age73to74_Mixed | B9: 0.17073813 | C9: -0.0003571186 | D9: -0.0013433683 | E9: -0.0010785289 | F9: 0.00038709125 | G9: 0.031491279 | H9: 0.032310423 | I9: 0.033001331 | J9: 0.058702365 | K9: 0.03311268 | L9: 0.033394246 | M9: 0.033506143 | N9: 0.033839651 | O9: 0.033558985 | P9: 0.034163402 | Q9: -0.0021922256 | R9: -0.0038014366 | S9: -0.0021352229 | T9: -0.0035862138 | U9: 0.001047669 | V9: -0.00023196279 | W9: -0.0004739713 | X9: -0.0024943151 | Y9: 0.00084841252 | Z9: 0.00075345282 | AA9: 0.001667506 | AB9: -0.0013861572 | AC9: 0.00052544324 | AD9: -1.3431621e-05 | AE9: 0.0013279044 | AF9: 0.0016371585 | AG9: 0.0011697474 | AH9: -0.00031562996 | AI9: -5.2470347e-05 | AJ9: -0.0018017763 | AK9: -0.00019020167 | AL9: 0.0019019546 | AM9: 0.0005210879 | AN9: 0.00086053355 | AO9: 0.0013770761 | AP9: 0.0036983445 | AQ9: 0.005032566 | AR9: -0.030014944 | AS9: -0.00052009949 | AT9: -0.0016767494 | AU9: 0.00098285761 | AV9: -0.00017399657 | AW9: 0.0068075076 | AX9: 0.0070599629 | AY9: 0.0071886071 | AZ9: 0.016293828 | BA9: 0.0071305256 | BB9: 0.0068578042 | BC9: 0.0069281744 | BD9: 0.0072860891 | BE9: 0.0070494302 | BF9: 0.0069897337 | BG9: -0.00069713602 | BH9: -0.0012276625 | BI9: 0.00015209314 | BJ9: -0.0011432915 | BK9: -0.00028611269 | BL9: -6.0607473e-05 | BM9: 0.00023670304 | BN9: -0.0007275269 | BO9: -0.0003211983 | BP9: 0.00083940937 | BQ9: 0.00047160991 | BR9: 0.00014156542 | BS9: -0.0003092616 | BT9: 0.00016335291 | BU9: 0.00014692666 | BV9: 0.00034992505 | BW9: 0.00045418727 | BX9: -0.00051115846 | BY9: 0.00073779026 | BZ9: -0.0013369137 | CA9: -0.00018695594 | CB9: 0.0007488454 | CC9: 0.00019480906 | CD9: 0.00026144859 | CE9: 0.00036335843 | CF9: 0.0012369577 | CG9: -0.00085075289 | CH9: -0.0058813824
A10: Age75to76_Mixed | B10: 0.31008172 | C10: -0.0035552266 | D10: -0.0016368725 | E10: -0.001394385 | F10: -2.7116922e-05 | G10: 0.031801773 | H10: 0.033125777 | I10: 0.033735727 | J10: 0.03311268 | K10: 0.057334927 | L10: 0.033778934 | M10: 0.033995178 | N10: 0.034710391 | O10: 0.034367409 | P10: 0.034747714 | Q10: -0.0017728574 | R10: -0.0044107744 | S10: -0.0043150232 | T10: -0.0034075203 | U10: 0.00071455801 | V10: -0.00078035515 | W10: -0.0015597145 | X10: -0.0032100538 | Y10: -0.00090979731 | Z10: 0.00022485583 | AA10: 0.0017003268 | AB10: -0.00047823188 | AC10: 0.0023240775 | AD10: 0.0017891842 | AE10: 0.00013448999 | AF10: 0.0010779285 | AG10: 0.00062295295 | AH10: 0.00022306018 | AI10: -0.0011644855 | AJ10: -0.0010585615 | AK10: -0.0017510818 | AL10: 0.0012581995 | AM10: 0.0012879801 | AN10: 0.00035159921 | AO10: 0.00011692552 | AP10: 0.0031965476 | AQ10: -0.00054761595 | AR10: -0.028232525 | AS10: -0.0011750758 | AT10: -0.0011331233 | AU10: -0.00013639255 | AV10: -1.7855362e-05 | AW10: 0.0069837558 | AX10: 0.0071665826 | AY10: 0.0073150895 | AZ10: 0.007320816 | BA10: 0.014477282 | BB10: 0.0070553054 | BC10: 0.0070402161 | BD10: 0.0075324222 | BE10: 0.0072936118 | BF10: 0.0071569201 | BG10: 0.00010261553 | BH10: -0.0011383351 | BI10: -0.00062867983 | BJ10: -0.0014031829 | BK10: 0.0001453084 | BL10: -0.00021233988 | BM10: -0.00073512545 | BN10: -0.00043544283 | BO10: 8.0644659e-05 | BP10: 0.0004163007 | BQ10: 0.00048462876 | BR10: 0.00060780045 | BS10: 0.0013034965 | BT10: 0.0015100199 | BU10: -0.00013582799 | BV10: 0.0011841068 | BW10: 0.00085070785 | BX10: 0.00089510445 | BY10: 0.00031441032 | BZ10: -0.0005571884 | CA10: -0.00039890908 | CB10: 0.0006738426 | CC10: 0.0005429291 | CD10: 0.00085352971 | CE10: 0.00035086038 | CF10: 0.0013811747 | CG10: -0.00099569222 | CH10: -0.006713083
A11: Age77to78_Mixed | B11: 0.30640168 | C11: -0.0024896578 | D11: -0.0019474116 | E11: -0.0021409994 | F11: -0.00027907104 | G11: 0.031941302 | H11: 0.03312133 | I11: 0.033476216 | J11: 0.033394246 | K11: 0.033778934 | L11: 0.055995547 | M11: 0.033853231 | N11: 0.034557435 | O11: 0.034222181 | P11: 0.034883609 | Q11: -0.0015057936 | R11: -0.0040657234 | S11: -0.003956073 | T11: -0.001503823 | U11: 0.0012923399 | V11: 6.370169e-06 | W11: -0.0007096713 | X11: -0.003119813 | Y11: 0.00055483414 | Z11: -0.00014608079 | AA11: 0.0037878112 | AB11: 0.0016934368 | AC11: 0.0011992009 | AD11: 0.0015691912 | AE11: 0.0057417437 | AF11: 0.0038457451 | AG11: 0.0031521968 | AH11: 0.0015172645 | AI11: 0.0016321434 | AJ11: 0.00087094216 | AK11: 0.0012815782 | AL11: 0.0032164493 | AM11: 0.0031829722 | AN11: 0.0030769676 | AO11: 0.0031919101 | AP11: 0.0016423076 | AQ11: 0.0047106167 | AR11: -0.032232906 | AS11: -0.00082042386 | AT11: -0.00032319471 | AU11: -0.00059456387 | AV11: -0.00056171658 | AW11: 0.0069108816 | AX11: 0.0071341924 | AY11: 0.0071993828 | AZ11: 0.0071271619 | BA11: 0.0072006837 | BB11: 0.016181578 | BC11: 0.007041382 | BD11: 0.0074326581 | BE11: 0.0073741727 | BF11: 0.0072511109 | BG11: -0.00020578073 | BH11: -0.00074915639 | BI11: -0.0010833 | BJ11: 0.00056512743 | BK11: 0.00069731121 | BL11: 0.00058171854 | BM11: -0.00014972991 | BN11: -0.00079455198 | BO11: 0.00015276575 | BP11: 0.00035493296 | BQ11: 0.0013822847 | BR11: 0.0010765997 | BS11: 0.00072262022 | BT11: 0.0015310113 | BU11: 0.00090518234 | BV11: 0.0018696985 | BW11: 0.0023067573 | BX11: 0.00086535889 | BY11: 0.0014701887 | BZ11: 0.00070983996 | CA11: 0.0012178014 | CB11: 0.0013488399 | CC11: 0.0019208355 | CD11: 0.0016758333 | CE11: 0.0011922807 | CF11: 0.0016976681 | CG11: 0.00012408534 | CH11: -0.0081725184
A12: Age79to80_Mixed | B12: 0.16318332 | C12: -0.0024045829 | D12: -0.0019819147 | E12: -0.0017559541 | F12: -0.00088343861 | G12: 0.032014993 | H12: 0.032872902 | I12: 0.033949084 | J12: 0.033506143 | K12: 0.033995178 | L12: 0.033853231 | M12: 0.054608842 | N12: 0.035061346 | O12: 0.034638622 | P12: 0.035336083 | Q12: -0.0044539585 | R12: -0.0052370882 | S12: -0.0029312087 | T12: -0.0034133725 | U12: 0.002251303 | V12: 0.00011390941 | W12: -0.0013026473 | X12: -0.0021684545 | Y12: -1.0401293e-05 | Z12: 0.0013597638 | AA12: 0.0018634314 | AB12: -0.0012564547 | AC12: 0.0022462183 | AD12: 0.0016157839 | AE12: 0.00078316488 | AF12: 0.00087552779 | AG12: -0.00023894499 | AH12: -0.00063545849 | AI12: -0.0013546784 | AJ12: -0.001836193 | AK12: -0.00099786187 | AL12: 0.00085998042 | AM12: 0.0024977439 | AN12: 0.00088103247 | AO12: 0.0015409466 | AP12: -0.00020588621 | AQ12: 0.0062435759 | AR12: -0.028831389 | AS12: -0.00055923216 | AT12: -0.0003294863 | AU12: 0.00040136119 | AV12: -0.00012909253 | AW12: 0.0069244065 | AX12: 0.0070307633 | AY12: 0.007282324 | AZ12: 0.0070359882 | BA12: 0.0071980236 | BB12: 0.0070025841 | BC12: 0.016844587 | BD12: 0.0073619357 | BE12: 0.0074035375 | BF12: 0.0072460464 | BG12: -0.0011864126 | BH12: -0.0016139024 | BI12: -0.00052050377 | BJ12: -0.0015043342 | BK12: 0.00056287326 | BL12: 0.00032073306 | BM12: -0.00025071576 | BN12: -0.00024932924 | BO12: -9.3173734e-05 | BP12: 0.00078650835 | BQ12: 0.00091648033 | BR12: 0.0003770237 | BS12: 0.00035885519 | BT12: 0.0016922414 | BU12: 0.0002525274 | BV12: 0.00087600618 | BW12: 0.0010155838 | BX12: 0.00037202846 | BY12: 0.0012520031 | BZ12: -4.3762303e-05 | CA12: 0.00034871328 | CB12: 0.00073807079 | CC12: 0.0013119168 | CD12: 0.00038653153 | CE12: 0.00037807238 | CF12: -0.00022830423 | CG12: 0.00061324523 | CH12: -0.0070978953
A13: Age81to82_Mixed | B13: 0.52756958 | C13: -0.00095026769 | D13: -0.0028534232 | E13: -0.0010946813 | F13: -0.0018564324 | G13: 0.032295201 | H13: 0.034107422 | I13: 0.034302755 | J13: 0.033839651 | K13: 0.034710391 | L13: 0.034557435 | M13: 0.035061346 | N13: 0.06000039 | O13: 0.035274448 | P13: 0.03600467 | Q13: -0.0043363299 | R13: -0.0060714423 | S13: -0.0066831399 | T13: 0.011939068 | U13: 0.0023620478 | V13: 0.00042475036 | W13: -0.0009723772 | X13: -0.0023545122 | Y13: -0.00089848194 | Z13: 0.0017846739 | AA13: 0.0018660639 | AB13: -9.3827422e-05 | AC13: 0.0040619093 | AD13: 0.0012380342 | AE13: 0.00033477137 | AF13: 0.00025483738 | AG13: 0.0018714343 | AH13: 0.001306564 | AI13: -0.0023064212 | AJ13: -0.0018277242 | AK13: -0.0018650925 | AL13: -7.2992746e-06 | AM13: 0.00094734052 | AN13: 0.00065421063 | AO13: -0.00012798544 | AP13: 0.0026488008 | AQ13: 0.006245291 | AR13: -0.02890393 | AS13: -0.0010126235 | AT13: -0.0012723982 | AU13: 0.00012288242 | AV13: -0.0011370639 | AW13: 0.0071244799 | AX13: 0.0076536465 | AY13: 0.0076466608 | AZ13: 0.0073145153 | BA13: 0.0077216636 | BB13: 0.007585621 | BC13: 0.0074899971 | BD13: 0.014879572 | BE13: 0.0080102757 | BF13: 0.0078811353 | BG13: -0.0019372766 | BH13: -0.0022401947 | BI13: -0.0022275613 | BJ13: -0.002292253 | BK13: 0.0011329776 | BL13: -0.00070134624 | BM13: -0.00021651357 | BN13: -0.00057468561 | BO13: -0.00018837353 | BP13: 0.0013577233 | BQ13: -9.1222683e-05 | BR13: 0.00043553404 | BS13: 0.0010142625 | BT13: 0.0016163079 | BU13: -3.0501111e-05 | BV13: 0.0013034025 | BW13: 0.00033473015 | BX13: -0.0008392184 | BY13: 0.00019771898 | BZ13: -0.00017417144 | CA13: 0.00017475571 | CB13: 0.00086611491 | CC13: 0.0007977501 | CD13: 0.0011074877 | CE13: 0.00044045214 | CF13: 0.0018749689 | CG13: 0.00043171949 | CH13: -0.0055665231
... A85: Constant_Formal | B85: -0.96075646 | C85: 0.0036224691 | D85: -0.00077221851 | E85: -0.00013070251 | F85: -0.00089352528 | G85: -0.0080165179 | H85: -0.0060081741 | I85: -0.0061158276 | J85: -0.0058813824 | K85: -0.006713083 | L85: -0.0081725184 | M85: -0.0070978953 | N85: -0.0055665231 | O85: -0.0063489555 | P85: -0.0066180522 | Q85: -0.0026479426 | R85: -0.0015071267 | S85: -0.0021311002 | T85: -0.0002180992 | U85: -0.001037056 | V85: -0.0063983342 | W85: -0.0077852496 | X85: -0.003229726 | Y85: -0.0029460536 | Z85: -0.0053616446 | AA85: -0.0094425572 | AB85: -0.0018102328 | AC85: -0.00032813382 | AD85: -0.018246363 | AE85: -0.017824706 | AF85: -0.018752306 | AG85: -0.018270741 | AH85: -0.017166188 | AI85: -0.017943982 | AJ85: -0.018413795 | AK85: -0.01888834 | AL85: -0.018528757 | AM85: -0.019413572 | AN85: -0.019043701 | AO85: -0.0078661429 | AP85: -0.015963569 | AQ85: -0.0076910474 | AR85: 0.037129804 | AS85: -0.00058098319 | AT85: -0.0030485906 | AU85: -0.0030117558 | AV85: -0.0017458157 | AW85: -0.049798781 | AX85: -0.05017639 | AY85: -0.048406289 | AZ85: -0.038214439 | BA85: -0.046680885 | BB85: -0.048237362 | BC85: -0.045748736 | BD85: -0.04809379 | BE85: -0.045464756 | BF85: -0.040526301 | BG85: -0.015632652 | BH85: -0.01359913 | BI85: -0.015289881 | BJ85: -0.014549911 | BK85: -0.0072693509 | BL85: -0.018340755 | BM85: -0.0255868 | BN85: -0.014351359 | BO85: -0.014490697 | BP85: -0.022136215 | BQ85: -0.033347973 | BR85: -0.0094259264 | BS85: -0.0028952554 | BT85: -0.061957356 | BU85: -0.05424663 | BV85: -0.057021926 | BW85: -0.061337057 | BX85: -0.057819269 | BY85: -0.053280893 | BZ85: -0.056038484 | CA85: -0.060419595 | CB85: -0.058892193 | CC85: -0.060810357 | CD85: -0.058470117 | CE85: -0.018369839 | CF85: -0.042712699 | CG85: -0.039794315 | CH85: 0.14970142

Sheet S2d_orig
A1: REGRESSOR | B1: COEFFICIENT | C1: HrsReceivedInformalIHS_L1 | D1: CareMarketMixed | E1: Dgn | F1: Age | G1: AgeSquared | H1: Dhe_Fair | I1: Dhe_Good | J1: Dhe_VeryGood | K1: Dhe_Excellent | L1: Partnered | M1: Deh_c4_Medium | N1: Deh_c4_Low | O1: HHincomeQ2 | P1: HHincomeQ3 | Q1: HHincomeQ4 | R1: HHincomeQ5 | S1: Y2020 | T1: Y2021 | U1: demRgnUKC | V1: demRgnUKD | W1: demRgnUKE | X1: demRgnUKF | Y1: demRgnUKG | Z1: demRgnUKH | AA1: demRgnUKJ | AB1: demRgnUKK | AC1: demRgnUKL | AD1: demRgnUKM | AE1: demRgnUKN | AF1: Constant
A2: HrsReceivedInformalIHS_L1 | B2: 0.17410708 | C2: 7.1549753e-05 | D2: -7.6819736e-06 | E2: 5.5441422e-06 | F2: 9.0338091e-06 | G2: -6.8503492e-08 | H2: 6.4596037e-05 | I2: 8.5997111e-05 | J2: 0.00012569456 | K2: 0.0001058555 | L2: -5.5416017e-05 | M2: 3.5122765e-06 | N2: -1.2839931e-05 | O2: 2.6586308e-05 | P2: 5.5464677e-05 | Q2: 5.6910142e-05 | R2: 2.3809295e-05 | S2: -1.4431762e-05 | T2: -1.8894249e-05 | U2: -6.9720044e-06 | V2: -2.7728187e-05 | W2: -6.2862485e-06 | X2: 6.1845143e-06 | Y2: -2.2086736e-05 | Z2: -9.7269335e-06 | AA2: 5.354611e-06 | AB2: -6.3347644e-06 | AC2: -2.3389572e-05 | AD2: -1.851246e-05 | AE2: -4.5008681e-05 | AF2: -0.0004506278
A3: CareMarketMixed | B3: 0.055669602 | C3: -7.6819736e-06 | D3: 0.0012308366 | E3: 3.8963937e-05 | F3: -2.1898578e-05 | G3: 1.0628855e-07 | H3: 5.8375217e-06 | I3: 1.2670781e-05 | J3: 4.3802995e-05 | K3: 8.2427881e-05 | L3: 0.00019223668 | M3: -3.2202765e-05 | N3: -9.8352688e-06 | O3: -5.1704422e-05 | P3: -9.6560653e-05 | Q3: -0.00010573171 | R3: -0.00027141584 | S3: -3.4446871e-05 | T3: 2.160502e-05 | U3: 6.0626315e-05 | V3: -3.7764276e-05 | W3: -2.6848014e-05 | X3: -4.1106003e-05 | Y3: -6.185133e-05 | Z3: -0.00012406801 | AA3: -0.0001097758 | AB3: -0.00011322477 | AC3: -1.7584799e-06 | AD3: -7.5807936e-05 | AE3: -0.00014805206 | AF3: 0.00081240172
A4: Dgn | B4: 0.084035664 | C4: 5.5441422e-06 | D4: 3.8963937e-05 | E4: 0.00095299266 | F4: -1.5041889e-05 | G4: 4.5378731e-08 | H4: 0.00011932125 | I4: 0.00015795123 | J4: 9.206521e-05 | K4: 5.077995e-06 | L4: -0.00023045223 | M4: 1.1601697e-05 | N4: 0.00012963434 | O4: -2.5745522e-05 | P4: -6.010507e-05 | Q4: -5.5126137e-05 | R4: -0.00010246258 | S4: 9.3187672e-06 | T4: 4.6481867e-05 | U4: 0.00014937743 | V4: -1.9837526e-05 | W4: 1.5593144e-05 | X4: -4.3904318e-05 | Y4: 5.2376715e-05 | Z4: 3.00994e-06 | AA4: 2.6462698e-05 | AB4: 4.0210912e-05 | AC4: -6.3704896e-06 | AD4: -5.4074133e-05 | AE4: -0.00010052397 | AF4: 0.00051091371
A5: Age | B5: -0.17449011 | C5: 9.0338091e-06 | D5: -2.1898578e-05 | E5: -1.5041889e-05 | F5: 0.0011243075 | G5: -7.0970469e-06 | H5: -1.966603e-05 | I5: -0.00011773265 | J5: -2.5688531e-05 | K5: 4.6634065e-05 | L5: -0.00010123227 | M5: -6.7982168e-05 | N5: 9.295234e-06 | O5: -0.00013397218 | P5: -9.7135658e-05 | Q5: 7.4017933e-05 | R5: 0.00012751928 | S5: -2.9104699e-05 | T5: -7.2102638e-05 | U5: -0.00015176574 | V5: 4.3233328e-05 | W5: -0.00011792548 | X5: -4.4433024e-05 | Y5: -8.3264494e-05 | Z5: -6.3740888e-05 | AA5: -4.2245942e-06 | AB5: 7.8348103e-06 | AC5: 9.7103403e-06 | AD5: 6.0735585e-05 | AE5: 2.1620093e-05 | AF5: -0.043858111
A6: AgeSquared | B6: 0.0011387651 | C6: -6.8503492e-08 | D6: 1.0628855e-07 | E6: 4.5378731e-08 | F6: -7.0970469e-06 | G6: 4.497614e-08 | H6: 5.8017348e-08 | I6: 6.282422e-07 | J6: 2.751957e-08 | K6: -4.0606372e-07 | L6: 8.1616205e-07 | M6: 4.2830845e-07 | N6: -1.1410963e-07 | O6: 7.8163081e-07 | P6: 5.8360717e-07 | Q6: -4.915918e-07 | R6: -8.2354141e-07 | S6: 2.0377196e-07 | T6: 4.7559122e-07 | U6: 9.9622054e-07 | V6: -2.6907123e-07 | W6: 7.5812135e-07 | X6: 2.7268874e-07 | Y6: 5.0897007e-07 | Z6: 3.915484e-07 | AA6: -2.6624346e-08 | AB6: -8.0935955e-08 | AC6: -6.211387e-08 | AD6: -3.719098e-07 | AE6: -1.4419342e-07 | AF6: 0.00027587835
A7: Dhe_Fair | B7: -0.45901044 | C7: 6.4596037e-05 | D7: 5.8375217e-06 | E7: 0.00011932125 | F7: -1.966603e-05 | G7: 5.8017348e-08 | H7: 0.0015684713 | I7: 0.0011054642 | J7: 0.001135272 | K7: 0.0011068803 | L7: -0.00012393884 | M7: 0.00011563849 | N7: 8.5390005e-05 | O7: -9.7495917e-05 | P7: -4.9264343e-05 | Q7: -4.1469199e-05 | R7: -3.3848897e-05 | S7: -2.5296734e-05 | T7: -8.442955e-05 | U7: 7.0531757e-05 | V7: -0.00011745679 | W7: -5.0667404e-05 | X7: -0.00016727596 | Y7: -8.2507951e-05 | Z7: -0.00011892051 | AA7: -4.5950466e-05 | AB7: -3.5162529e-05 | AC7: 4.2199941e-05 | AD7: -6.0668534e-05 | AE7: -0.00016315423 | AF7: 8.3993376e-05
A8: Dhe_Good | B8: -0.53893809 | C8: 8.5997111e-05 | D8: 1.2670781e-05 | E8: 0.00015795123 | F8: -0.00011773265 | G8: 6.282422e-07 | H8: 0.0011054642 | I8: 0.0017978405 | J8: 0.0012184461 | K8: 0.0011542271 | L8: -0.00018709345 | M8: 5.9118142e-05 | N8: 5.7749804e-05 | O8: -6.4927186e-05 | P8: -7.9806968e-05 | Q8: -0.00016041432 | R8: -6.6827767e-05 | S8: -1.1548037e-05 | T8: -3.0943657e-05 | U8: 0.00016024879 | V8: -0.00010893857 | W8: -2.9193862e-05 | X8: -0.00022108713 | Y8: -2.7365993e-05 | Z8: -3.6646256e-06 | AA8: -5.0149391e-05 | AB8: -3.9658407e-05 | AC8: -3.6209653e-06 | AD8: -3.050553e-05 | AE8: -0.00021781872 | AF8: 0.0041707537
A9: Dhe_VeryGood | B9: -0.80813123 | C9: 0.00012569456 | D9: 4.3802995e-05 | E9: 9.206521e-05 | F9: -2.5688531e-05 | G9: 2.751957e-08 | H9: 0.001135272 | I9: 0.0012184461 | J9: 0.0032873334 | K9: 0.0012893177 | L9: -0.00020628969 | M9: 8.9898525e-05 | N9: 7.9131799e-05 | O9: -7.1272096e-05 | P9: -0.0001945399 | Q9: -0.00020426306 | R9: -0.00028100339 | S9: 3.6557109e-05 | T9: -6.3803574e-05 | U9: -9.3072943e-05 | V9: -0.00039886555 | W9: -0.00021494144 | X9: -0.00047327024 | Y9: -0.0001888833 | Z9: -0.0003014472 | AA9: -0.00029294739 | AB9: -0.00025236559 | AC9: -0.00017412088 | AD9: -0.00032028734 | AE9: -0.00031295305 | AF9: 0.0008364011
A10: Dhe_Excellent | B10: -0.81179725 | C10: 0.0001058555 | D10: 8.2427881e-05 | E10: 5.077995e-06 | F10: 4.6634065e-05 | G10: -4.0606372e-07 | H10: 0.0011068803 | I10: 0.0011542271 | J10: 0.0012893177 | K10: 0.015106442 | L10: -0.00019763843 | M10: 0.000617172 | N10: 0.00056289701 | O10: 0.00018464212 | P10: 0.00015854565 | Q10: 2.8548198e-05 | R10: -0.0006491272 | S10: -6.9380631e-05 | T10: -9.2213466e-06 | U10: 0.00060911166 | V10: 3.9608346e-05 | W10: 0.0004271209 | X10: 0.00036106161 | Y10: 0.000595195 | Z10: 3.1598086e-05 | AA10: 0.0001411815 | AB10: 0.00026519284 | AC10: 0.00037771025 | AD10: 0.00047268507 | AE10: 0.00032140615 | AF10: -0.0032681612
A11: Partnered | B11: 0.3870772 | C11: -5.5416017e-05 | D11: 0.00019223668 | E11: -0.00023045223 | F11: -0.00010123227 | G11: 8.1616205e-07 | H11: -0.00012393884 | I11: -0.00018709345 | J11: -0.00020628969 | K11: -0.00019763843 | L11: 0.0012021274 | M11: 6.0834618e-05 | N11: 5.5106288e-05 | O11: -0.00036037334 | P11: -0.00053513366 | Q11: -0.00052383698 | R11: -0.00051295669 | S11: -3.9059771e-06 | T11: -3.2365052e-05 | U11: 8.3007092e-06 | V11: -0.00018816355 | W11: -0.0001884997 | X11: -8.9234575e-05 | Y11: -7.8197472e-05 | Z11: -0.00025831874 | AA11: -0.00010370283 | AB11: -0.00016564856 | AC11: -0.00019078176 | AD11: -5.8947876e-05 | AE11: -0.00012355186 | AF11: 0.0029517427
A12: Deh_c4_Medium | B12: 0.018085334 | C12: 3.5122765e-06 | D12: -3.2202765e-05 | E12: 1.1601697e-05 | F12: -6.7982168e-05 | G12: 4.2830845e-07 | H12: 0.00011563849 | I12: 5.9118142e-05 | J12: 8.9898525e-05 | K12: 0.000617172 | L12: 6.0834618e-05 | M12: 0.0029899782 | N12: 0.0025557859 | O12: 5.1883762e-06 | P12: 0.00020252716 | Q12: 0.00070823744 | R12: 0.0010306136 | S12: 3.0870518e-05 | T12: -2.6987215e-05 | U12: 0.00012811173 | V12: -0.00016707767 | W12: -5.0231079e-05 | X12: -7.9590051e-05 | Y12: -0.00017774325 | Z12: -7.9413936e-05 | AA12: 9.3817349e-05 | AB12: -0.00027010063 | AC12: -9.7115903e-05 | AD12: -5.701879e-05 | AE12: -7.322521e-05 | AF12: 4.2968041e-05
A13: Deh_c4_Low | B13: 0.11722541 | C13: -1.2839931e-05 | D13: -9.8352688e-06 | E13: 0.00012963434 | F13: 9.295234e-06 | G13: -1.1410963e-07 | H13: 8.5390005e-05 | I13: 5.7749804e-05 | J13: 7.9131799e-05 | K13: 0.00056289701 | L13: 5.5106288e-05 | M13: 0.0025557859 | N13: 0.0031072625 | O13: 1.6759741e-05 | P13: 0.00036895052 | Q13: 0.0009452442 | R13: 0.0013175098 | S13: 5.480374e-05 | T13: 4.4338932e-05 | U13: -7.0868043e-05 | V13: -0.00039902089 | W13: -0.00024096441 | X13: -0.00032037394 | Y13: -0.00031715475 | Z13: -0.00023324618 | AA13: -2.1876914e-05 | AB13: -0.00042608399 | AC13: -0.00023744694 | AD13: -0.00010322249 | AE13: -0.00029117197 | AF13: -0.0027368578
... A31: Constant | B31: 9.4082342 | C31: -0.0004506278 | D31: 0.00081240172 | E31: 0.00051091371 | F31: -0.043858111 | G31: 0.00027587835 | H31: 8.3993376e-05 | I31: 0.0041707537 | J31: 0.0008364011 | K31: -0.0032681612 | L31: 0.0029517427 | M31: 4.2968041e-05 | N31: -0.0027368578 | O31: 0.0046059944 | P31: 0.002742453 | Q31: -0.0046293339 | R31: -0.0069932567 | S31: 0.00066690762 | T31: 0.0023998018 | U31: 0.0012943013 | V31: -0.0054678369 | W31: 0.00055408074 | X31: -0.0019323449 | Y31: -0.00041989398 | Z31: -0.001309028 | AA31: -0.0035539955 | AB31: -0.0038407546 | AC31: -0.0043292807 | AD31: -0.006487424 | AE31: -0.0046897351 | AF31: 1.7248252

Sheet S2e_orig
A1: REGRESSOR | B1: COEFFICIENT | C1: HrsReceivedFormalIHS_L1 | D1: CareMarketMixed | E1: Dgn | F1: Dhe_Fair | G1: Dhe_Good | H1: Dhe_VeryGood | I1: Dhe_Excellent | J1: Partnered | K1: Deh_c4_Medium | L1: Deh_c4_Low | M1: HHincomeQ2 | N1: HHincomeQ3 | O1: HHincomeQ4 | P1: HHincomeQ5 | Q1: Y2020 | R1: Y2021 | S1: demRgnUKC | T1: demRgnUKD | U1: demRgnUKE | V1: demRgnUKF | W1: demRgnUKG | X1: demRgnUKH | Y1: demRgnUKJ | Z1: demRgnUKK | AA1: demRgnUKL | AB1: demRgnUKM | AC1: demRgnUKN | AD1: demEthnC4Asian | AE1: demEthnC4Black | AF1: demEthnC4Other | AG1: Constant
A2: HrsReceivedFormalIHS_L1 | B2: 0.17964493 | C2: 0.00031388418 | D2: -4.6122938e-05 | E2: -9.8388173e-06 | F2: 0.00014698073 | G2: 5.4759269e-05 | H2: 0.00016837046 | I2: 0.00026879545 | J2: 3.8266631e-05 | K2: 0.00011100862 | L2: 0.00010780949 | M2: -1.6267163e-05 | N2: 9.7042283e-05 | O2: 0.0001539324 | P2: 0.00018409423 | Q2: -3.7936886e-05 | R2: -0.00010132217 | S2: -0.00021073641 | T2: -0.00027692176 | U2: -0.00016367552 | V2: -0.00021296184 | W2: -0.00023897009 | X2: -0.00029270999 | Y2: -0.00025574502 | Z2: -0.00016196348 | AA2: -0.00027699024 | AB2: -0.00033477813 | AC2: -0.00038755018 | AD2: -1.2763588e-05 | AE2: -0.00024201952 | AF2: 4.3401638e-05 | AG2: -0.00033527251
A3: CareMarketMixed | B3: 0.073019221 | C3: -4.6122938e-05 | D3: 0.0019573042 | E3: 0.00017264863 | F3: 0.00031168634 | G3: 0.0002440632 | H3: 0.00061941435 | I3: 0.00064938146 | J3: -0.00037567943 | K3: -0.00020180968 | L3: -0.0003486248 | M3: -0.00011736517 | N3: -9.7730794e-05 | O3: -3.0000954e-05 | P3: 0.0001786038 | Q3: -0.00030236577 | R3: -0.00041190949 | S3: 0.00052400982 | T3: 0.00063203288 | U3: 0.00047468934 | V3: 0.00020117412 | W3: 0.0003841779 | X3: 0.00054412206 | Y3: 0.00070590116 | Z3: 0.00060887844 | AA3: 0.00055317358 | AB3: 0.00056401543 | AC3: 0.00046639396 | AD3: -0.00010431643 | AE3: 1.8031471e-05 | AF3: -8.6453424e-06 | AG3: -0.0015139034
A4: Dgn | B4: 0.15883971 | C4: -9.8388173e-06 | D4: 0.00017264863 | E4: 0.0021385779 | F4: -3.3157656e-06 | G4: 7.9702885e-05 | H4: -0.00014023039 | I4: 8.9739264e-05 | J4: -0.00041842754 | K4: 0.0004362331 | L4: 0.00028746894 | M4: 3.9729552e-05 | N4: -0.00017170101 | O4: -1.7139704e-05 | P4: -0.0001432506 | Q4: -0.00021215489 | R4: -9.3985447e-06 | S4: 0.00035592553 | T4: 0.00052366512 | U4: 0.00080267026 | V4: 0.00037236966 | W4: 0.00048774531 | X4: 0.00091696917 | Y4: 0.00075436374 | Z4: 0.00054301645 | AA4: 0.00036655237 | AB4: 0.00044387775 | AC4: 0.00029698295 | AD4: -0.00038298803 | AE4: 6.7981937e-05 | AF4: 0.00036348541 | AG4: -0.0013673039
A5: Dhe_Fair | B5: -0.21800272 | C5: 0.00014698073 | D5: 0.00031168634 | E5: -3.3157656e-06 | F5: 0.003734333 | G5: 0.0025009493 | H5: 0.002550534 | I5: 0.0026775249 | J5: -0.00015008267 | K5: -2.3460584e-05 | L5: 0.00011717535 | M5: -0.00079724805 | N5: -0.00029693932 | O5: -0.0010069515 | P5: -0.00084530495 | Q5: 0.00050469556 | R5: -0.00037671329 | S5: -0.00096337554 | T5: -0.00051939067 | U5: -0.00092467061 | V5: -0.00078195328 | W5: -0.00068485635 | X5: -0.00036603899 | Y5: -0.00061590638 | Z5: -0.00081447242 | AA5: -0.00044788851 | AB5: -0.00035371827 | AC5: -0.00084465326 | AD5: -0.000458893 | AE5: 0.00011235706 | AF5: -0.00038844629 | AG5: -0.0017615543
A6: Dhe_Good | B6: -0.24742633 | C6: 5.4759269e-05 | D6: 0.0002440632 | E6: 7.9702885e-05 | F6: 0.0025009493 | G6: 0.003544699 | H6: 0.0024886332 | I6: 0.0025892096 | J6: -0.00022892347 | K6: -0.00024310468 | L6: -0.00032896477 | M6: -0.0004065278 | N6: -0.00032303937 | O6: -0.00088430766 | P6: -0.00070831897 | Q6: -3.5790747e-05 | R6: -0.00024407566 | S6: 6.055664e-05 | T6: 6.8909387e-06 | U6: -0.00018941322 | V6: -0.0001214383 | W6: 0.00016240656 | X6: 0.00028396085 | Y6: 5.4224348e-05 | Z6: 5.1055896e-05 | AA6: 0.0004103604 | AB6: 0.00025586809 | AC6: -0.00010768749 | AD6: -0.00032547882 | AE6: -8.9615061e-05 | AF6: -0.0004147362 | AG6: -0.0020490061
A7: Dhe_VeryGood | B7: -0.32481386 | C7: 0.00016837046 | D7: 0.00061941435 | E7: -0.00014023039 | F7: 0.002550534 | G7: 0.0024886332 | H7: 0.0057269057 | I7: 0.0028607887 | J7: -6.4086364e-05 | K7: 0.00016731331 | L7: 3.489767e-05 | M7: -0.00068378331 | N7: -0.00051966962 | O7: -0.00064718144 | P7: -0.00043791554 | Q7: 9.87755e-05 | R7: -6.2832547e-05 | S7: 0.00067310334 | T7: 0.00072367247 | U7: 0.00057037348 | V7: 0.00040580236 | W7: 0.0010442069 | X7: 0.00041671071 | Y7: 0.00057675168 | Z7: 0.00081140556 | AA7: 0.00095518727 | AB7: 0.0010160861 | AC7: 0.00081730366 | AD7: 9.450408e-05 | AE7: 0.00066110725 | AF7: 0.00028704609 | AG7: -0.0033286256
A8: Dhe_Excellent | B8: -0.54388519 | C8: 0.00026879545 | D8: 0.00064938146 | E8: 8.9739264e-05 | F8: 0.0026775249 | G8: 0.0025892096 | H8: 0.0028607887 | I8: 0.010410302 | J8: -0.00038122242 | K8: -2.80889e-05 | L8: -0.00010753809 | M8: -1.1660211e-06 | N8: 0.00024048577 | O8: -0.00081955045 | P8: -0.0011237918 | Q8: 0.00030688154 | R8: -0.00024963467 | S8: 0.00094700196 | T8: 0.0011678696 | U8: 0.00083483323 | V8: 0.00046198634 | W8: 0.0010062541 | X8: 0.00065659372 | Y8: 4.0647122e-05 | Z8: 0.00096101946 | AA8: 0.00085633549 | AB8: 0.00079850241 | AC8: 0.00089612262 | AD8: 0.00045487996 | AE8: 0.00015602036 | AF8: 0.0005673697 | AG8: -0.003817138
A9: Partnered | B9: 0.055342145 | C9: 3.8266631e-05 | D9: -0.00037567943 | E9: -0.00041842754 | F9: -0.00015008267 | G9: -0.00022892347 | H9: -6.4086364e-05 | I9: -0.00038122242 | J9: 0.0020021427 | K9: -0.00010299117 | L9: -1.3941266e-05 | M9: -0.00033042721 | N9: -0.00047290425 | O9: -0.00042921752 | P9: -0.0007248778 | Q9: 1.417912e-05 | R9: -0.00012450002 | S9: 0.00024019947 | T9: -0.00011044757 | U9: -2.9512514e-05 | V9: 0.00011875851 | W9: 5.8333378e-05 | X9: -0.00041828041 | Y9: -1.6592803e-05 | Z9: -6.0446558e-05 | AA9: -0.00016658357 | AB9: 0.00016175336 | AC9: 1.6234107e-05 | AD9: -0.00027602637 | AE9: 0.00055630236 | AF9: -1.2335782e-05 | AG9: 0.00021432628
A10: Deh_c4_Medium | B10: -0.008853895 | C10: 0.00011100862 | D10: -0.00020180968 | E10: 0.0004362331 | F10: -2.3460584e-05 | G10: -0.00024310468 | H10: 0.00016731331 | I10: -2.80889e-05 | J10: -0.00010299117 | K10: 0.0045649945 | L10: 0.0037213171 | M10: 0.00031158115 | N10: 0.00072270054 | O10: 0.0017028187 | P10: 0.002330198 | Q10: 0.00031866034 | R10: -0.00016838044 | S10: -0.0023775277 | T10: -0.0011428543 | U10: -0.0009737085 | V10: -0.0015007202 | W10: -0.0014848998 | X10: -0.00090439108 | Y10: -0.0018522879 | Z10: -0.0013165995 | AA10: -0.0012637171 | AB10: -0.0011676918 | AC10: -0.0012555783 | AD10: 0.0011332415 | AE10: -0.00021669362 | AF10: 6.2224289e-05 | AG10: -0.0028384285
A11: Deh_c4_Low | B11: 0.12565147 | C11: 0.00010780949 | D11: -0.0003486248 | E11: 0.00028746894 | F11: 0.00011717535 | G11: -0.00032896477 | H11: 3.489767e-05 | I11: -0.00010753809 | J11: -1.3941266e-05 | K11: 0.0037213171 | L11: 0.0048758193 | M11: 0.0001936432 | N11: 0.00090402144 | O11: 0.0022084572 | P11: 0.0027265294 | Q11: 0.00036410521 | R11: -1.8968338e-05 | S11: -0.0018005341 | T11: -0.00094393142 | U11: -0.0010017894 | V11: -0.00074199997 | W11: -0.001082974 | X11: -0.00050441679 | Y11: -0.0016703619 | Z11: -0.00090658206 | AA11: -0.0011123377 | AB11: -0.0006308198 | AC11: -0.0011662063 | AD11: 0.0010686487 | AE11: -0.00020472535 | AF11: -0.00052137328 | AG11: -0.0033161695
A12: HHincomeQ2 | B12: -0.078350465 | C12: -1.6267163e-05 | D12: -0.00011736517 | E12: 3.9729552e-05 | F12: -0.00079724805 | G12: -0.0004065278 | H12: -0.00068378331 | I12: -1.1660211e-06 | J12: -0.00033042721 | K12: 0.00031158115 | L12: 0.0001936432 | M12: 0.0037694712 | N12: 0.0030397645 | O12: 0.0031616248 | P12: 0.0031441574 | Q12: -0.00031141463 | R12: 7.3395005e-06 | S12: 0.00066635508 | T12: 0.00014529404 | U12: 0.00020225937 | V12: -7.3488873e-05 | W12: -0.00019212793 | X12: 0.00046693197 | Y12: 0.00016483239 | Z12: 0.00042808201 | AA12: 0.00040878398 | AB12: 5.8840229e-06 | AC12: 0.00090492191 | AD12: 0.0013326627 | AE12: -0.00036596851 | AF12: 0.001209516 | AG12: -0.0026631839
A13: HHincomeQ3 | B13: -0.19452192 | C13: 9.7042283e-05 | D13: -9.7730794e-05 | E13: -0.00017170101 | F13: -0.00029693932 | G13: -0.00032303937 | H13: -0.00051966962 | I13: 0.00024048577 | J13: -0.00047290425 | K13: 0.00072270054 | L13: 0.00090402144 | M13: 0.0030397645 | N13: 0.0049171586 | O13: 0.0035267697 | P13: 0.0037085088 | Q13: -6.4141938e-05 | R13: -6.2149002e-05 | S13: -0.00030755346 | T13: -0.0010286444 | U13: -0.001066691 | V13: -0.00099457166 | W13: -0.0010605323 | X13: -0.00064565819 | Y13: -0.0013271069 | Z13: -0.0009669987 | AA13: -0.00082841083 | AB13: -0.0011550819 | AC13: 2.5243613e-05 | AD13: 0.0015381752 | AE13: -0.00054405435 | AF13: 0.0012793787 | AG13: -0.0025038318
... A32: Constant | B32: 2.1594384 | C32: -0.00033527251 | D32: -0.0015139034 | E32: -0.0013673039 | F32: -0.0017615543 | G32: -0.0020490061 | H32: -0.0033286256 | I32: -0.003817138 | J32: 0.00021432628 | K32: -0.0028384285 | L32: -0.0033161695 | M32: -0.0026631839 | N32: -0.0025038318 | O32: -0.0046001156 | P32: -0.0051004795 | Q32: 0.00030066454 | R32: -0.00011110899 | S32: -0.011633899 | T32: -0.01161735 | U32: -0.011967683 | V32: -0.01135694 | W32: -0.011356849 | X32: -0.011921752 | Y32: -0.011285084 | Z32: -0.012148029 | AA32: -0.012000962 | AB32: -0.012052414 | AC32: -0.012174504 | AD32: -0.0061557518 | AE32: -0.0046353345 | AF32: -0.0039904643 | AG32: 0.020523787

Sheet S3a_orig
A1: REGRESSOR | B1: COEFFICIENT | C1: ProvideCare_L1 | D1: NeedCare | E1: ReceiveCare | F1: Dgn | G1: Age30to34 | H1: Age35to39 | I1: Age40to44 | J1: Age45to49 | K1: Age50to54 | L1: Age55to59 | M1: Age60to64 | N1: Age65to69 | O1: Age70to74 | P1: Age75to79 | Q1: Age80to84 | R1: Age85plus | S1: Dhe_Fair | T1: Dhe_Good | U1: Dhe_VeryGood | V1: Dhe_Excellent | W1: Deh_c4_High | X1: Deh_c4_Medium | Y1: Deh_c4_Low | Z1: HHincomeQ2 | AA1: HHincomeQ3 | AB1: HHincomeQ4 | AC1: HHincomeQ5 | AD1: Y2020 | AE1: Y2021 | AF1: demRgnUKC | AG1: demRgnUKD | AH1: demRgnUKE | AI1: demRgnUKF | AJ1: demRgnUKG | AK1: demRgnUKH | AL1: demRgnUKJ | AM1: demRgnUKK | AN1: demRgnUKL | AO1: demRgnUKM | AP1: demRgnUKN | AQ1: demEthnC4Asian | AR1: demEthnC4Black | AS1: demEthnC4Other | AT1: Constant
A2: ProvideCare_L1 | B2: 1.7326511 | C2: 0.00035619018 | D2: 2.5146722e-06 | E2: 2.3727211e-05 | F2: 1.479691e-05 | G2: -2.2567007e-05 | H2: -3.1634809e-05 | I2: -3.3854211e-05 | J2: -4.0346217e-05 | K2: -4.2734445e-05 | L2: -4.2056388e-05 | M2: -3.9682402e-05 | N2: -2.2426308e-05 | O2: -3.7687269e-05 | P2: -3.0184606e-05 | Q2: -3.0417782e-05 | R2: -1.0011429e-05 | S2: -5.8402704e-06 | T2: 1.661718e-06 | U2: -2.2544123e-06 | V2: 1.1874594e-05 | W2: -1.5244793e-05 | X2: -3.1650026e-05 | Y2: -2.4805761e-05 | Z2: 8.0944276e-07 | AA2: 3.0222935e-06 | AB2: 3.2683262e-07 | AC2: 5.1930858e-06 | AD2: 2.8972518e-07 | AE2: -1.5953957e-05 | AF2: 6.4815889e-06 | AG2: 6.3509971e-06 | AH2: 4.4928823e-06 | AI2: -4.8339456e-06 | AJ2: -1.4771503e-05 | AK2: -4.4990397e-08 | AL2: 9.5258385e-06 | AM2: 1.0101229e-05 | AN2: 3.9855174e-06 | AO2: -8.0163616e-07 | AP2: 3.3279016e-06 | AQ2: 4.4061125e-06 | AR2: 2.3733679e-05 | AS2: 7.0953119e-05 | AT2: -6.1249323e-05
A3: NeedCare | B3: -0.19339219 | C3: 2.5146722e-06 | D3: 0.0014630304 | E3: -0.00090947716 | F3: 9.0861018e-06 | G3: 1.0150027e-05 | H3: 1.3656124e-05 | I3: 1.9146292e-05 | J3: 3.3304197e-05 | K3: 3.9625473e-05 | L3: 3.6994668e-05 | M3: 2.5585052e-05 | N3: -0.00025877612 | O3: -0.00025035611 | P3: -0.00026612506 | Q3: -0.00043526597 | R3: -0.00049129507 | S3: 0.00012078643 | T3: 0.00017826477 | U3: 0.00020679307 | V3: 0.00019779053 | W3: -2.1233213e-05 | X3: -1.2253253e-05 | Y3: 1.6076137e-06 | Z3: 2.6071323e-05 | AA3: 2.4183381e-05 | AB3: 1.8135952e-05 | AC3: -1.4735604e-05 | AD3: 1.8615816e-05 | AE3: 2.1444334e-05 | AF3: 3.9078888e-05 | AG3: 1.3701215e-05 | AH3: -4.8149607e-06 | AI3: -1.8631527e-05 | AJ3: -2.7518512e-05 | AK3: 6.305493e-05 | AL3: -1.9171539e-06 | AM3: -3.7268617e-05 | AN3: -1.4580934e-05 | AO3: 2.2214001e-05 | AP3: 8.9634825e-06 | AQ3: -3.0804462e-06 | AR3: 3.2458678e-05 | AS3: -0.00012284894 | AT3: -0.00019806436
A4: ReceiveCare | B4: -0.1543808 | C4: 2.3727211e-05 | D4: -0.00090947716 | E4: 0.0027698243 | F4: 3.5459223e-05 | G4: 1.597795e-05 | H4: 1.5971548e-05 | I4: 3.0727745e-05 | J4: 3.3073545e-05 | K4: 5.6545268e-05 | L4: 4.7322835e-05 | M4: 5.4785374e-05 | N4: 9.7495674e-05 | O4: 4.3855624e-05 | P4: -6.3096774e-05 | Q4: -8.8003523e-05 | R4: -0.00033001034 | S4: 4.8114603e-05 | T4: 0.00016408913 | U4: 0.00016386939 | V4: 0.00014865691 | W4: 5.810023e-05 | X4: 4.6856989e-07 | Y4: -4.4256456e-05 | Z4: -2.6539725e-05 | AA4: -3.8996839e-05 | AB4: -4.9623414e-05 | AC4: -3.7471054e-05 | AD4: -7.6992948e-06 | AE4: 2.3867213e-06 | AF4: 8.0528017e-05 | AG4: 0.0001537468 | AH4: 9.4386088e-05 | AI4: 0.00014812016 | AJ4: 0.00012235624 | AK4: 5.795844e-05 | AL4: 0.00010567209 | AM4: 0.00020377923 | AN4: 8.2390718e-05 | AO4: 6.083219e-05 | AP4: 8.5204393e-05 | AQ4: 8.8451876e-06 | AR4: 5.3603926e-05 | AS4: 0.00040032217 | AT4: -0.00026768566
A5: Dgn | B5: -0.12125404 | C5: 1.479691e-05 | D5: 9.0861018e-06 | E5: 3.5459223e-05 | F5: 0.00032411071 | G5: 2.0877953e-05 | H5: 4.2107317e-05 | I5: 2.9183349e-05 | J5: 3.75316e-05 | K5: 6.5395311e-05 | L5: 2.6375304e-05 | M5: 3.0691985e-05 | N5: 4.2341167e-05 | O5: 3.5277638e-05 | P5: 4.120231e-05 | Q5: 3.1412872e-05 | R5: 4.7165561e-05 | S5: 2.0749731e-05 | T5: 1.137863e-05 | U5: 7.7798024e-06 | V5: -1.5176691e-05 | W5: -1.8482015e-05 | X5: -2.7781306e-05 | Y5: -3.4443241e-05 | Z5: 1.9845102e-05 | AA5: 1.5336481e-05 | AB5: -1.1620809e-05 | AC5: -5.9362286e-05 | AD5: -4.3183262e-07 | AE5: 1.9757375e-05 | AF5: -3.5623632e-05 | AG5: -3.9236099e-05 | AH5: -2.5034052e-05 | AI5: -3.2645364e-05 | AJ5: -1.4502089e-05 | AK5: -2.08049e-05 | AL5: -2.3745414e-05 | AM5: -3.4363437e-06 | AN5: -2.8581052e-05 | AO5: -3.0997551e-05 | AP5: -3.3180106e-05 | AQ5: -3.4275216e-06 | AR5: -1.5513341e-05 | AS5: 6.5495432e-06 | AT5: -0.00011051257
A6: Age30to34 | B6: 0.1869161 | C6: -2.2567007e-05 | D6: 1.0150027e-05 | E6: 1.597795e-05 | F6: 2.0877953e-05 | G6: 0.0022648867 | H6: 0.00048176698 | I6: 0.00047981217 | J6: 0.00048842741 | K6: 0.00049257067 | L6: 0.00048178996 | M6: 0.00047738353 | N6: 0.0004689255 | O6: 0.00046118976 | P6: 0.00046480255 | Q6: 0.00046275501 | R6: 0.00046119029 | S6: 4.135113e-05 | T6: 4.432719e-05 | U6: 5.7312728e-05 | V6: 0.00010541858 | W6: -0.00052204246 | X6: -0.00043039799 | Y6: -0.00048583839 | Z6: -2.1279948e-06 | AA6: -2.284729e-05 | AB6: -1.9232881e-05 | AC6: -0.00010310288 | AD6: 2.3876294e-05 | AE6: 5.3483912e-05 | AF6: -1.5366085e-05 | AG6: 2.5010423e-06 | AH6: 9.4870933e-06 | AI6: 4.845886e-05 | AJ6: 3.6910432e-05 | AK6: 1.1905473e-05 | AL6: 8.2948287e-05 | AM6: 3.3846042e-05 | AN6: 1.204538e-05 | AO6: 4.9282992e-05 | AP6: 1.9810227e-05 | AQ6: 1.6297992e-05 | AR6: -2.2725246e-05 | AS6: -4.0748905e-05 | AT6: -7.4838178e-05
A7: Age35to39 | B7: 0.2631549 | C7: -3.1634809e-05 | D7: 1.3656124e-05 | E7: 1.5971548e-05 | F7: 4.2107317e-05 | G7: 0.00048176698 | H7: 0.0021771516 | I7: 0.00048196103 | J7: 0.00048990409 | K7: 0.00049630498 | L7: 0.00048578501 | M7: 0.00048690779 | N7: 0.00048147082 | O7: 0.00048797408 | P7: 0.00049710679 | Q7: 0.00050343221 | R7: 0.00049861363 | S7: -5.879717e-05 | T7: -1.878904e-05 | U7: 2.7529349e-05 | V7: 1.5178656e-05 | W7: -0.00049043705 | X7: -0.00043816156 | Y7: -0.00049620025 | Z7: -6.4989378e-05 | AA7: -2.0979123e-05 | AB7: -4.8657302e-05 | AC7: -0.00011325994 | AD7: 3.9511083e-05 | AE7: -8.95847e-06 | AF7: -0.00010853591 | AG7: -0.00011651582 | AH7: -0.00014891875 | AI7: -9.137597e-05 | AJ7: -0.00010614214 | AK7: -0.00011460759 | AL7: -8.1141303e-05 | AM7: -8.2875924e-05 | AN7: -0.00012533434 | AO7: -0.00012957835 | AP7: -0.0001054282 | AQ7: 6.4563728e-06 | AR7: -0.00016010992 | AS7: -3.5549048e-05 | AT7: 0.00012452755
A8: Age40to44 | B8: 0.29919214 | C8: -3.3854211e-05 | D8: 1.9146292e-05 | E8: 3.0727745e-05 | F8: 2.9183349e-05 | G8: 0.00047981217 | H8: 0.00048196103 | I8: 0.001879352 | J8: 0.00050017979 | K8: 0.00050681985 | L8: 0.00049196045 | M8: 0.00049569996 | N8: 0.00048416552 | O8: 0.0004819232 | P8: 0.0004852032 | Q8: 0.00048086615 | R8: 0.00047657192 | S8: 2.0268182e-05 | T8: 5.5085847e-05 | U8: 0.00010448429 | V8: 0.00018569547 | W8: -0.00049024594 | X8: -0.00043704947 | Y8: -0.00044891279 | Z8: -1.7201796e-05 | AA8: 1.1742238e-05 | AB8: -9.1462507e-06 | AC8: -8.5800875e-05 | AD8: 5.9781195e-05 | AE8: -6.2112668e-06 | AF8: 3.8984328e-05 | AG8: -5.9103058e-05 | AH8: -8.9567481e-05 | AI8: -2.8996385e-05 | AJ8: -3.2962565e-05 | AK8: -5.0447874e-05 | AL8: -3.6004213e-05 | AM8: -3.2407234e-05 | AN8: -5.2799623e-05 | AO8: -4.3957028e-05 | AP8: -2.6552436e-05 | AQ8: 4.0342343e-05 | AR8: -4.3790347e-05 | AS8: 8.1920731e-06 | AT8: -5.6583755e-05
A9: Age45to49 | B9: 0.38929563 | C9: -4.0346217e-05 | D9: 3.3304197e-05 | E9: 3.3073545e-05 | F9: 3.75316e-05 | G9: 0.00048842741 | H9: 0.00048990409 | I9: 0.00050017979 | J9: 0.0015376504 | K9: 0.00053377351 | L9: 0.0005173144 | M9: 0.00051684454 | N9: 0.00049278015 | O9: 0.00049135534 | P9: 0.00049889895 | Q9: 0.00049946976 | R9: 0.00050205429 | S9: 5.207138e-05 | T9: 0.00011484679 | U9: 0.00016344469 | V9: 0.00019378581 | W9: -0.00045987893 | X9: -0.0004448897 | Y9: -0.000511902 | Z9: -4.0541488e-05 | AA9: -4.1291492e-05 | AB9: -6.1221887e-05 | AC9: -0.00018685046 | AD9: 1.8767458e-05 | AE9: 1.327813e-05 | AF9: -1.365068e-06 | AG9: -4.6812008e-05 | AH9: -6.0447997e-05 | AI9: -1.2200677e-05 | AJ9: -3.7582298e-05 | AK9: -3.6142677e-05 | AL9: -2.8694013e-05 | AM9: -5.4800311e-05 | AN9: -4.084695e-05 | AO9: -5.594792e-05 | AP9: -8.7149074e-06 | AQ9: 2.2290227e-05 | AR9: -8.0810408e-05 | AS9: 1.1850062e-05 | AT9: -6.7019923e-05
A10: Age50to54 | B10: 0.43534554 | C10: -4.2734445e-05 | D10: 3.9625473e-05 | E10: 5.6545268e-05 | F10: 6.5395311e-05 | G10: 0.00049257067 | H10: 0.00049630498 | I10: 0.00050681985 | J10: 0.00053377351 | K10: 0.0014229056 | L10: 0.00053207923 | M10: 0.00052941862 | N10: 0.00050962097 | O10: 0.00050966576 | P10: 0.0005197185 | Q10: 0.00052214761 | R10: 0.00052187962 | S10: 9.0323322e-05 | T10: 0.00014262496 | U10: 0.00020647653 | V10: 0.000224763 | W10: -0.00047161304 | X10: -0.00043990487 | Y10: -0.00054859921 | Z10: -2.6906247e-05 | AA10: -3.3316643e-05 | AB10: -2.0862973e-05 | AC10: -0.00018399994 | AD10: 2.9628564e-05 | AE10: 3.528988e-05 | AF10: -8.6608352e-05 | AG10: -8.676634e-05 | AH10: -8.257112e-05 | AI10: -5.5389583e-05 | AJ10: -8.2939862e-05 | AK10: -8.4795089e-05 | AL10: -7.1866762e-05 | AM10: -7.7428794e-05 | AN10: -9.0969701e-05 | AO10: -9.5565181e-05 | AP10: -6.5345174e-05 | AQ10: 5.2141573e-05 | AR10: -0.00012154073 | AS10: 5.5325067e-05 | AT10: -9.5780236e-05
A11: Age55to59 | B11: 0.39028061 | C11: -4.2056388e-05 | D11: 3.6994668e-05 | E11: 4.7322835e-05 | F11: 2.6375304e-05 | G11: 0.00048178996 | H11: 0.00048578501 | I11: 0.00049196045 | J11: 0.0005173144 | K11: 0.00053207923 | L11: 0.0012711507 | M11: 0.0005236178 | N11: 0.0005063854 | O11: 0.00050811917 | P11: 0.00052069153 | Q11: 0.00052124375 | R11: 0.0005256277 | S11: 5.7883479e-05 | T11: 0.00010948851 | U11: 0.00018297399 | V11: 0.00021504986 | W11: -0.00042975246 | X11: -0.00043399495 | Y11: -0.00054229186 | Z11: -3.698485e-05 | AA11: -2.7103211e-05 | AB11: -7.9176558e-05 | AC11: -0.00012732186 | AD11: 6.4942903e-07 | AE11: 2.8953589e-05 | AF11: 5.546816e-05 | AG11: 2.3792772e-05 | AH11: 3.3164099e-05 | AI11: 6.245388e-05 | AJ11: 3.5705789e-07 | AK11: 4.4312928e-05 | AL11: 3.8049862e-05 | AM11: 6.3368994e-05 | AN11: 5.15629e-05 | AO11: 1.0834258e-05 | AP11: 6.1354924e-05 | AQ11: 0.00011529648 | AR11: -5.5827649e-06 | AS11: 5.4327051e-05 | AT11: -0.00016505076
A12: Age60to64 | B12: 0.36278579 | C12: -3.9682402e-05 | D12: 2.5585052e-05 | E12: 5.4785374e-05 | F12: 3.0691985e-05 | G12: 0.00047738353 | H12: 0.00048690779 | I12: 0.00049569996 | J12: 0.00051684454 | K12: 0.00052941862 | L12: 0.0005236178 | M12: 0.0014378189 | N12: 0.00051805568 | O12: 0.00051468688 | P12: 0.00052901717 | Q12: 0.00052890739 | R12: 0.00053587721 | S12: 7.338078e-05 | T12: 0.00013869868 | U12: 0.00021845508 | V12: 0.00024854717 | W12: -0.00045083725 | X12: -0.00043479773 | Y12: -0.00049610173 | Z12: -5.3694184e-05 | AA12: -6.022636e-05 | AB12: -2.7641005e-05 | AC12: -0.00010522748 | AD12: 5.3657099e-05 | AE12: 5.0422797e-07 | AF12: -4.0504026e-06 | AG12: 4.6940873e-05 | AH12: -1.4709754e-05 | AI12: 5.8253136e-05 | AJ12: -2.2726592e-05 | AK12: 2.7213349e-05 | AL12: 3.4049589e-06 | AM12: 2.401547e-05 | AN12: 8.4549538e-06 | AO12: -1.5295996e-05 | AP12: 3.2212634e-05 | AQ12: 0.00011243695 | AR12: 1.9934198e-06 | AS12: 5.3614334e-05 | AT12: -0.00018455482
A13: Age65to69 | B13: 0.32689542 | C13: -2.2426308e-05 | D13: -0.00025877612 | E13: 9.7495674e-05 | F13: 4.2341167e-05 | G13: 0.0004689255 | H13: 0.00048147082 | I13: 0.00048416552 | J13: 0.00049278015 | K13: 0.00050962097 | L13: 0.0005063854 | M13: 0.00051805568 | N13: 0.0013650833 | O13: 0.00061133106 | P13: 0.00064711591 | Q13: 0.0006889432 | R13: 0.0007292803 | S13: -2.7434295e-05 | T13: 4.854502e-06 | U13: 5.0270116e-05 | V13: 9.8089566e-05 | W13: -0.00046231086 | X13: -0.00043601229 | Y13: -0.00057371957 | Z13: -0.00013486609 | AA13: -6.5297493e-05 | AB13: -2.4709073e-05 | AC13: -6.5634316e-05 | AD13: 3.7434064e-05 | AE13: 5.5438463e-05 | AF13: -3.0975796e-05 | AG13: -4.8909789e-05 | AH13: 1.2208545e-05 | AI13: 7.7254293e-07 | AJ13: 7.8585689e-06 | AK13: -5.1954143e-05 | AL13: -4.2451369e-05 | AM13: 6.2379677e-06 | AN13: -4.0377438e-06 | AO13: -5.4134313e-05 | AP13: 2.123329e-05 | AQ13: 0.0001074827 | AR13: 1.3935706e-05 | AS13: 0.00017693766 | AT13: -9.9789052e-06
... A45: Constant | B45: -1.9191345 | C45: -6.1249323e-05 | D45: -0.00019806436 | E45: -0.00026768566 | F45: -0.00011051257 | G45: -7.4838178e-05 | H45: 0.00012452755 | I45: -5.6583755e-05 | J45: -6.7019923e-05 | K45: -9.5780236e-05 | L45: -0.00016505076 | M45: -0.00018455482 | N45: -9.9789052e-06 | O45: -4.1026069e-05 | P45: 2.9293268e-05 | Q45: 5.3343834e-05 | R45: 9.9500829e-05 | S45: -0.0010284895 | T45: -0.0011097246 | U45: -0.0012046955 | V45: -0.0012619433 | W45: -0.0010939314 | X45: -0.0010320599 | Y45: -0.0011924024 | Z45: -0.00021261431 | AA45: -0.00016513815 | AB45: -0.00015582406 | AC45: -0.00023410232 | AD45: -8.0621762e-05 | AE45: -5.4947302e-06 | AF45: -0.0013265032 | AG45: -0.001265787 | AH45: -0.0012538831 | AI45: -0.0011971687 | AJ45: -0.0010956853 | AK45: -0.0011819484 | AL45: -0.0011850706 | AM45: -0.0012777096 | AN45: -0.0012314338 | AO45: -0.0012466115 | AP45: -0.0012514304 | AQ45: -0.0006111065 | AR45: -0.0007410179 | AS45: -0.00049212891 | AT45: 0.0035819388

Sheet S3b_orig
A1: REGRESSOR | B1: COEFFICIENT | C1: ProvideCare_L1 | D1: NeedCare | E1: ReceiveCare | F1: Dgn | G1: ReceiveCarePartner | H1: CareMarketFormalPartner | I1: CareMarketInformalPartner | J1: Dhe_Poor | K1: Dhe_Fair | L1: Dhe_Good | M1: Dhe_VeryGood | N1: Dhesp_Fair | O1: Dhesp_Good | P1: Dhesp_VeryGood | Q1: Dhesp_Excellent | R1: Deh_c4_High | S1: Deh_c4_Medium | T1: HHincomeQ2 | U1: HHincomeQ3 | V1: HHincomeQ4 | W1: HHincomeQ5 | X1: Y2020 | Y1: Y2021 | Z1: demRgnUKC | AA1: demRgnUKD | AB1: demRgnUKE | AC1: demRgnUKF | AD1: demRgnUKG | AE1: demRgnUKH | AF1: demRgnUKJ | AG1: demRgnUKK | AH1: demRgnUKL | AI1: demRgnUKM | AJ1: demRgnUKN | AK1: demEthnC4Asian | AL1: demEthnC4Black | AM1: demEthnC4Other | AN1: Constant
A2: ProvideCare_L1 | B2: 1.7671684 | C2: 0.0001865857 | D2: 1.015814e-05 | E2: -1.336729e-06 | F2: 7.0099202e-06 | G2: -2.229288e-05 | H2: 2.1556841e-05 | I2: 4.3412737e-06 | J2: -6.2702205e-06 | K2: -5.7360462e-06 | L2: -4.4905124e-06 | M2: -2.6521983e-06 | N2: 1.4294041e-05 | O2: 1.7969479e-05 | P2: 2.1618519e-05 | Q2: 2.4994173e-05 | R2: 2.6755928e-06 | S2: -3.8296562e-06 | T2: 9.4301671e-06 | U2: 8.4664628e-06 | V2: 8.6103114e-06 | W2: 1.1222148e-05 | X2: -2.8025193e-07 | Y2: -3.8818351e-06 | Z2: -5.519412e-06 | AA2: -2.4185447e-06 | AB2: 1.4992826e-06 | AC2: -4.9680689e-06 | AD2: -5.2370288e-06 | AE2: -9.5600348e-07 | AF2: -2.4513682e-06 | AG2: -4.2078883e-06 | AH2: -3.2184799e-06 | AI2: -1.3959886e-06 | AJ2: -6.3569714e-06 | AK2: 2.4894097e-06 | AL2: 5.290005e-06 | AM2: 1.7226032e-05 | AN2: -7.9330526e-05
A3: NeedCare | B3: -0.11580122 | C3: 1.015814e-05 | D3: 0.00059685247 | E3: -0.00043473933 | F3: -5.5134923e-06 | G3: -7.3877081e-05 | H3: -0.00013468198 | I3: 1.3506155e-05 | J3: -5.726812e-05 | K3: -4.4006254e-05 | L3: -1.4523502e-05 | M3: -1.0688417e-06 | N3: -3.4940709e-06 | O3: 9.5301051e-07 | P3: 4.2984208e-07 | Q3: 1.2833353e-05 | R3: 2.5414326e-05 | S3: 2.1878247e-05 | T3: -2.1431497e-05 | U3: 4.6253499e-06 | V3: 3.4569379e-05 | W3: 4.4523768e-05 | X3: -3.6901262e-07 | Y3: -3.0655973e-06 | Z3: 3.5056002e-05 | AA3: 2.0724825e-05 | AB3: 1.328885e-05 | AC3: 2.405369e-05 | AD3: 1.5174154e-05 | AE3: 2.3806723e-05 | AF3: 6.7998521e-06 | AG3: 2.3805277e-05 | AH3: 1.8857519e-05 | AI3: 9.151585e-06 | AJ3: 3.7050365e-05 | AK3: 3.1332019e-05 | AL3: 4.2355839e-05 | AM3: 2.8124046e-05 | AN3: -8.4845847e-05
A4: ReceiveCare | B4: -0.18533911 | C4: -1.336729e-06 | D4: -0.00043473933 | E4: 0.0012807041 | F4: 7.818451e-06 | G4: -8.2677995e-05 | H4: 0.00019267405 | I4: 1.3954661e-05 | J4: -0.00013374041 | K4: -4.2364118e-05 | L4: -7.7829877e-06 | M4: -1.0963821e-06 | N4: -2.216127e-05 | O4: -2.9748822e-05 | P4: -2.5082923e-05 | Q4: -3.0091327e-05 | R4: 2.6989245e-05 | S4: 3.1149692e-05 | T4: -1.3427599e-05 | U4: 9.7758452e-06 | V4: 1.0530867e-05 | W4: 3.0251911e-06 | X4: -6.8686692e-06 | Y4: 1.2396352e-06 | Z4: -6.967021e-06 | AA4: -1.4468451e-05 | AB4: -2.0784905e-05 | AC4: -1.2255779e-05 | AD4: -1.1395497e-05 | AE4: -1.895595e-05 | AF4: -1.0856314e-05 | AG4: -8.3287989e-06 | AH4: -2.0768554e-05 | AI4: 8.3211347e-07 | AJ4: -2.2225918e-05 | AK4: -4.5112295e-06 | AL4: -1.2571413e-05 | AM4: -6.7793699e-06 | AN4: 1.6830186e-05
A5: Dgn | B5: -0.15370725 | C5: 7.0099202e-06 | D5: -5.5134923e-06 | E5: 7.818451e-06 | F5: 0.00015630445 | G5: -3.2246495e-05 | H5: 3.3345341e-05 | I5: 2.1283069e-05 | J5: -5.9503587e-06 | K5: -7.2448636e-06 | L5: -5.6224787e-06 | M5: -3.4071933e-06 | N5: 9.9726499e-06 | O5: 7.1475844e-06 | P5: 5.2049144e-06 | Q5: 3.856996e-06 | R5: -6.433992e-06 | S5: -5.0707488e-06 | T5: -6.2133581e-06 | U5: -6.0727208e-06 | V5: -4.4662181e-06 | W5: -1.5560014e-06 | X5: 3.5560437e-06 | Y5: 1.3067944e-07 | Z5: -5.4200916e-06 | AA5: -5.5542294e-06 | AB5: -3.2486716e-06 | AC5: -1.5482686e-06 | AD5: -8.696091e-06 | AE5: -6.351869e-06 | AF5: -2.8629971e-06 | AG5: -6.1448469e-06 | AH5: -4.6164422e-06 | AI5: -5.6201042e-06 | AJ5: -3.964729e-06 | AK5: 9.7998104e-06 | AL5: 2.4171981e-06 | AM5: -2.7138245e-06 | AN5: -6.2293782e-05
A6: ReceiveCarePartner | B6: 0.66425489 | C6: -2.229288e-05 | D6: -7.3877081e-05 | E6: -8.2677995e-05 | F6: -3.2246495e-05 | G6: 0.0047228353 | H6: -0.0046055826 | I6: -0.0045984411 | J6: 2.4050686e-05 | K6: 4.0657332e-05 | L6: 1.2353155e-05 | M6: 1.2395388e-05 | N6: -1.7214371e-05 | O6: 2.6643147e-05 | P6: 5.9243322e-05 | Q6: 4.7761216e-05 | R6: 2.1394531e-05 | S6: 2.8102474e-05 | T6: -2.7596609e-05 | U6: -4.6747517e-06 | V6: 1.0561414e-05 | W6: 2.6998025e-05 | X6: -7.5086082e-06 | Y6: -2.5198395e-06 | Z6: -2.8722907e-05 | AA6: -5.3322295e-05 | AB6: -6.4387177e-05 | AC6: -6.0396782e-05 | AD6: -4.7363654e-05 | AE6: -7.0368499e-05 | AF6: -4.8227329e-05 | AG6: -5.7407412e-05 | AH6: -5.6307796e-05 | AI6: -6.1316082e-05 | AJ6: -9.4404575e-05 | AK6: -2.5318338e-05 | AL6: -8.7733213e-06 | AM6: -5.4692398e-05 | AN6: -2.9767947e-05
A7: CareMarketFormalPartner | B7: -0.48483946 | C7: 2.1556841e-05 | D7: -0.00013468198 | E7: 0.00019267405 | F7: 3.3345341e-05 | G7: -0.0046055826 | H7: 0.010369896 | I7: 0.0046027368 | J7: -3.2400466e-05 | K7: -3.1170524e-05 | L7: -1.8598218e-05 | M7: -2.1971265e-05 | N7: 0.000123371 | O7: 0.00012449638 | P7: 0.00011549621 | Q7: 0.00012904491 | R7: -6.2054271e-05 | S7: -4.2325442e-05 | T7: 2.0092648e-05 | U7: 7.3652412e-06 | V7: 1.3779104e-07 | W7: 2.461287e-06 | X7: 4.222052e-05 | Y7: 4.893055e-05 | Z7: 8.1165993e-05 | AA7: 7.6961498e-05 | AB7: 0.00011273545 | AC7: 8.9141187e-05 | AD7: 5.9758804e-05 | AE7: 8.063879e-05 | AF7: 5.7460504e-05 | AG7: 8.7624895e-05 | AH7: 7.6570537e-05 | AI7: 0.00010125533 | AJ7: 0.00012931247 | AK7: 5.8580649e-05 | AL7: 4.0607302e-05 | AM7: 8.2149662e-05 | AN7: -0.0001617784
A8: CareMarketInformalPartner | B8: -0.16463146 | C8: 4.3412737e-06 | D8: 1.3506155e-05 | E8: 1.3954661e-05 | F8: 2.1283069e-05 | G8: -0.0045984411 | H8: 0.0046027368 | I8: 0.0053486161 | J8: 2.9666155e-05 | K8: -3.0668e-05 | L8: -4.2634796e-06 | M8: -6.6969613e-06 | N8: 3.9963517e-05 | O8: 5.2643378e-05 | P8: 4.227593e-05 | Q8: 5.3447354e-05 | R8: -1.6940172e-05 | S8: -1.6996632e-05 | T8: -1.5469493e-05 | U8: 9.5061854e-06 | V8: 2.003153e-05 | W8: 8.6476975e-06 | X8: 1.6007022e-06 | Y8: -1.0611155e-05 | Z8: 4.617185e-05 | AA8: 5.9855718e-05 | AB8: 7.9380986e-05 | AC8: 6.5683405e-05 | AD8: 5.2923568e-05 | AE8: 9.0866397e-05 | AF8: 5.1908579e-05 | AG8: 6.9582112e-05 | AH8: 5.3093597e-05 | AI8: 6.844137e-05 | AJ8: 8.7034901e-05 | AK8: 3.1953349e-05 | AL8: 9.4495118e-06 | AM8: 7.8845375e-05 | AN8: -0.00010346955
A9: Dhe_Poor | B9: -0.012612803 | C9: -6.2702205e-06 | D9: -5.726812e-05 | E9: -0.00013374041 | F9: -5.9503587e-06 | G9: 2.4050686e-05 | H9: -3.2400466e-05 | I9: 2.9666155e-05 | J9: 0.0013933142 | K9: 0.00053234021 | L9: 0.00049742477 | M9: 0.00047371644 | N9: 7.1346321e-05 | O9: 9.6557547e-05 | P9: 0.0001168721 | Q9: 0.00014995763 | R9: 2.9908242e-05 | S9: 1.1077551e-06 | T9: 9.6878835e-05 | U9: 0.00012036052 | V9: 0.00015225876 | W9: 0.00016749981 | X9: 4.6705605e-06 | Y9: 1.0624357e-05 | Z9: 2.5547371e-05 | AA9: 2.9695219e-06 | AB9: 1.149949e-05 | AC9: 2.1316072e-05 | AD9: 2.7508803e-05 | AE9: 1.5550383e-05 | AF9: 4.1594728e-05 | AG9: 2.3847131e-05 | AH9: 1.4543313e-05 | AI9: 2.6335243e-05 | AJ9: 1.4007549e-05 | AK9: -8.209089e-06 | AL9: 1.2592903e-05 | AM9: -2.5579349e-05 | AN9: -0.00074189395
A10: Dhe_Fair | B10: 0.048248016 | C10: -5.7360462e-06 | D10: -4.4006254e-05 | E10: -4.2364118e-05 | F10: -7.2448636e-06 | G10: 4.0657332e-05 | H10: -3.1170524e-05 | I10: -3.0668e-05 | J10: 0.00053234021 | K10: 0.00075084504 | L10: 0.0004880287 | M10: 0.00047120396 | N10: 6.7414751e-06 | O10: 2.5695983e-05 | P10: 5.1663473e-05 | Q10: 8.8368292e-05 | R10: 3.0281602e-05 | S10: 9.5312449e-06 | T10: 4.2528406e-06 | U10: 2.012857e-05 | V10: 3.3033564e-05 | W10: 5.4153889e-05 | X10: 7.5939555e-07 | Y10: 5.0864468e-07 | Z10: 3.1131402e-06 | AA10: 1.32346e-05 | AB10: 1.5005525e-05 | AC10: 5.2505381e-06 | AD10: 1.1445944e-05 | AE10: -1.6729911e-06 | AF10: 2.1015421e-05 | AG10: 1.2473154e-05 | AH10: 7.589755e-06 | AI10: 2.3914197e-05 | AJ10: 7.5349156e-06 | AK10: -1.5702773e-05 | AL10: 2.5550041e-05 | AM10: 1.0206263e-05 | AN10: -0.0005624293
A11: Dhe_Good | B11: 0.021417376 | C11: -4.4905124e-06 | D11: -1.4523502e-05 | E11: -7.7829877e-06 | F11: -5.6224787e-06 | G11: 1.2353155e-05 | H11: -1.8598218e-05 | I11: -4.2634796e-06 | J11: 0.00049742477 | K11: 0.0004880287 | L11: 0.00058367653 | M11: 0.00046733143 | N11: 3.4827679e-06 | O11: 3.3452331e-06 | P11: 2.7785808e-05 | Q11: 7.032222e-05 | R11: 2.6130256e-05 | S11: 1.1459676e-05 | T11: -1.629977e-05 | U11: -1.4009362e-05 | V11: 3.1629239e-06 | W11: 1.9702945e-05 | X11: -5.3792963e-06 | Y11: 4.909482e-06 | Z11: 1.5742455e-05 | AA11: 1.6983153e-05 | AB11: 1.780563e-05 | AC11: 1.335009e-05 | AD11: 1.5988462e-05 | AE11: 4.4339582e-06 | AF11: 2.2322235e-05 | AG11: 1.4863977e-05 | AH11: 1.8443471e-05 | AI11: 2.9188295e-05 | AJ11: 2.196668e-05 | AK11: -1.5251377e-05 | AL11: 1.6573917e-05 | AM11: 1.2310723e-06 | AN11: -0.00051540207
A12: Dhe_VeryGood | B12: 0.02136601 | C12: -2.6521983e-06 | D12: -1.0688417e-06 | E12: -1.0963821e-06 | F12: -3.4071933e-06 | G12: 1.2395388e-05 | H12: -2.1971265e-05 | I12: -6.6969613e-06 | J12: 0.00047371644 | K12: 0.00047120396 | L12: 0.00046733143 | M12: 0.00057677388 | N12: 3.4210087e-06 | O12: -2.1219811e-06 | P12: 9.192729e-06 | Q12: 4.5220138e-05 | R12: 1.1948872e-05 | S12: 5.8158314e-06 | T12: -1.3036864e-05 | U12: -1.2558193e-05 | V12: -1.7820315e-06 | W12: 9.5490657e-06 | X12: 6.481215e-06 | Y12: 3.3114804e-06 | Z12: 1.4158218e-05 | AA12: 1.0546761e-05 | AB12: 9.3112994e-06 | AC12: 8.4792729e-06 | AD12: 9.3844394e-06 | AE12: -3.9962977e-06 | AF12: 1.5141672e-05 | AG12: 6.7625895e-06 | AH12: 1.6012156e-05 | AI12: 1.5478766e-05 | AJ12: 2.6142481e-05 | AK12: 4.895673e-06 | AL12: 6.7764838e-06 | AM12: 8.218196e-06 | AN12: -0.00048426518
A13: Dhesp_Fair | B13: -0.61092722 | C13: 1.4294041e-05 | D13: -3.4940709e-06 | E13: -2.216127e-05 | F13: 9.9726499e-06 | G13: -1.7214371e-05 | H13: 0.000123371 | I13: 3.9963517e-05 | J13: 7.1346321e-05 | K13: 6.7414751e-06 | L13: 3.4827679e-06 | M13: 3.4210087e-06 | N13: 0.00086796463 | O13: 0.00065171869 | P13: 0.00065653662 | Q13: 0.00065926405 | R13: 4.3326415e-06 | S13: 1.922133e-06 | T13: -6.0554872e-05 | U13: -7.331786e-05 | V13: -8.4236496e-05 | W13: -8.3895214e-05 | X13: -1.2564972e-06 | Y13: -1.4320281e-06 | Z13: 1.3853796e-05 | AA13: 2.7426473e-05 | AB13: 2.5880429e-05 | AC13: 1.5384103e-05 | AD13: 1.5741421e-05 | AE13: 1.4264245e-05 | AF13: 7.3287203e-06 | AG13: 1.3729799e-05 | AH13: 1.7730474e-05 | AI13: 1.6639931e-05 | AJ13: 2.344061e-05 | AK13: 2.4316307e-05 | AL13: 8.2165313e-06 | AM13: -1.3350061e-05 | AN13: -0.00061203619
... A39: Constant | B39: -0.45676356 | C39: -7.9330526e-05 | D39: -8.4845847e-05 | E39: 1.6830186e-05 | F39: -6.2293782e-05 | G39: -2.9767947e-05 | H39: -0.0001617784 | I39: -0.00010346955 | J39: -0.00074189395 | K39: -0.0005624293 | L39: -0.00051540207 | M39: -0.00048426518 | N39: -0.00061203619 | O39: -0.0006111069 | P39: -0.00062205615 | Q39: -0.00069855215 | R39: -0.00018129369 | S39: -0.00015996928 | T39: -0.00078501522 | U39: -0.0007631536 | V39: -0.00078034975 | W39: -0.00082424697 | X39: -3.9297212e-05 | Y39: -4.0581655e-05 | Z39: -0.00082021595 | AA39: -0.00079612363 | AB39: -0.000807027 | AC39: -0.00078789464 | AD39: -0.0007755747 | AE39: -0.00078736457 | AF39: -0.00077021292 | AG39: -0.00078560378 | AH39: -0.00080100637 | AI39: -0.00081331843 | AJ39: -0.00090918521 | AK39: -0.00040985388 | AL39: -0.00043122049 | AM39: -0.00015201172 | AN39: 0.0028403494

Sheet S3c_orig
A1: REGRESSOR | B1: COEFFICIENT | C1: HrsProvidedInformalIHS_L1 | D1: Dgn | E1: Age20to24 | F1: Age25to29 | G1: Age30to34 | H1: Age35to39 | I1: Age40to44 | J1: Age45to49 | K1: Age50to54 | L1: Age55to59 | M1: Age60to64 | N1: Age65to69 | O1: Age70to74 | P1: Age75to79 | Q1: Age80to84 | R1: Age85plus | S1: Dhe_Fair | T1: Dhe_Good | U1: Dhe_VeryGood | V1: Dhe_Excellent | W1: Deh_c4_High | X1: Deh_c4_Medium | Y1: Deh_c4_Low | Z1: HHincomeQ2 | AA1: HHincomeQ3 | AB1: HHincomeQ4 | AC1: HHincomeQ5 | AD1: Y2020 | AE1: Y2021 | AF1: demRgnUKC | AG1: demRgnUKD | AH1: demRgnUKE | AI1: demRgnUKF | AJ1: demRgnUKG | AK1: demRgnUKH | AL1: demRgnUKJ | AM1: demRgnUKK | AN1: demRgnUKL | AO1: demRgnUKM | AP1: demRgnUKN | AQ1: demEthnC4Asian | AR1: demEthnC4Black | AS1: demEthnC4Other | AT1: Constant
A2: HrsProvidedInformalIHS_L1 | B2: 0.35394041 | C2: 7.4218346e-05 | D2: 2.6486999e-05 | E2: -3.8967333e-05 | F2: -6.4250869e-05 | G2: -7.8545709e-05 | H2: -7.8246653e-05 | I2: -0.00013740075 | J2: -8.9708623e-05 | K2: -8.5619293e-05 | L2: -8.7430102e-05 | M2: -5.9907286e-05 | N2: -7.3827317e-05 | O2: -3.0898548e-05 | P2: -1.7744162e-05 | Q2: -1.0464165e-05 | R2: 2.5459839e-05 | S2: 2.8568818e-05 | T2: 3.4411199e-05 | U2: 3.0977838e-05 | V2: 4.3031093e-05 | W2: 2.6659924e-05 | X2: -1.1605688e-05 | Y2: -1.7297991e-05 | Z2: 3.4979061e-06 | AA2: 1.3846605e-05 | AB2: 2.1641556e-05 | AC2: 4.5048925e-05 | AD2: 6.35684e-06 | AE2: -7.8542328e-06 | AF2: 2.1437292e-05 | AG2: 2.7801044e-05 | AH2: 1.2125571e-05 | AI2: 2.4707105e-05 | AJ2: 3.2540155e-05 | AK2: 1.0418677e-05 | AL2: 4.7871873e-05 | AM2: 1.4075023e-05 | AN2: 1.3287702e-05 | AO2: 2.0671322e-05 | AP2: 9.0206501e-06 | AQ2: 2.3914326e-05 | AR2: -1.2031852e-05 | AS2: 8.5062593e-06 | AT2: -0.00014640691
A3: Dgn | B3: -0.13627711 | C3: 2.6486999e-05 | D3: 0.0009092336 | E3: -7.7914606e-05 | F3: -0.00025646774 | G3: -0.0001587314 | H3: -0.00010226931 | I3: -0.0001357991 | J3: -4.1293837e-05 | K3: -1.2675525e-05 | L3: 0.0001161931 | M3: 2.8478987e-05 | N3: 0.0001014422 | O3: 2.4613353e-05 | P3: -6.2151821e-05 | Q3: -1.8027437e-05 | R3: -4.4576208e-05 | S3: 4.4418601e-05 | T3: 0.00011542809 | U3: 0.00012591217 | V3: 8.2365898e-05 | W3: 0.00010491777 | X3: 4.198298e-05 | Y3: 0.00016562083 | Z3: -3.8663483e-06 | AA3: 3.5110059e-05 | AB3: 5.1209564e-05 | AC3: -0.00013894529 | AD3: -5.0213634e-05 | AE3: 5.3717382e-05 | AF3: -0.00013890836 | AG3: -0.000299136 | AH3: -0.00018684832 | AI3: -0.00030817055 | AJ3: -0.00021391257 | AK3: -0.00033905835 | AL3: -0.00025570254 | AM3: -0.00023478488 | AN3: -0.00028504371 | AO3: -0.00029932207 | AP3: -0.00031917407 | AQ3: -2.5060854e-05 | AR3: -0.00026712025 | AS3: -3.2872408e-05 | AT3: -0.0002374244
A4: Age20to24 | B4: 0.071800147 | C4: -3.8967333e-05 | D4: -7.7914606e-05 | E4: 0.0078860608 | F4: 0.0049380306 | G4: 0.0050298336 | H4: 0.0049546823 | I4: 0.0049749852 | J4: 0.0049053418 | K4: 0.004889502 | L4: 0.004865418 | M4: 0.0048665769 | N4: 0.0048668315 | O4: 0.0048451534 | P4: 0.0048003727 | Q4: 0.0047799202 | R4: 0.004786022 | S4: 0.00024402743 | T4: 0.00024075305 | U4: 0.00010548875 | V4: 0.00014861916 | W4: -0.0041895252 | X4: -0.0039818738 | Y4: -0.0039448729 | Z4: 0.00011804935 | AA4: 3.5413936e-05 | AB4: 8.5672591e-05 | AC4: 0.00025841979 | AD4: -8.9397894e-05 | AE4: -7.2943742e-05 | AF4: 0.00013620113 | AG4: 0.00015697779 | AH4: -4.2973988e-05 | AI4: 3.3189818e-05 | AJ4: -1.2806523e-06 | AK4: 0.00019413133 | AL4: 0.00019942996 | AM4: 0.00014427975 | AN4: 2.7519227e-05 | AO4: 0.00023894609 | AP4: 7.6983161e-05 | AQ4: -0.0006261891 | AR4: -0.00012984042 | AS4: -5.3548666e-05 | AT4: -0.0011025126
A5: Age25to29 | B5: 0.32517447 | C5: -6.4250869e-05 | D5: -0.00025646774 | E5: 0.0049380306 | F5: 0.010810423 | G5: 0.0055940611 | H5: 0.0055464927 | I5: 0.0055648068 | J5: 0.00550788 | K5: 0.005551284 | L5: 0.0055338415 | M5: 0.0054881011 | N5: 0.0053916824 | O5: 0.0053087631 | P5: 0.0053001657 | Q5: 0.005277305 | R5: 0.0052344348 | S5: 9.8788355e-05 | T5: 0.00013987076 | U5: 9.0330257e-05 | V5: -1.7265898e-05 | W5: -0.005063647 | X5: -0.0049021009 | Y5: -0.0047961149 | Z5: 0.00015658599 | AA5: 1.205571e-05 | AB5: -0.00021076542 | AC5: -0.00014375947 | AD5: -9.8009313e-05 | AE5: -0.00019953628 | AF5: -4.0433537e-05 | AG5: 1.4692295e-05 | AH5: -0.00018726145 | AI5: -0.0002541697 | AJ5: -7.5860684e-05 | AK5: 0.00012821506 | AL5: 0.00012271326 | AM5: 7.5021834e-05 | AN5: -0.00017175315 | AO5: -0.00025954397 | AP5: 0.00040201183 | AQ5: -0.000594669 | AR5: -0.00048630239 | AS5: 0.00024586199 | AT5: -0.00033229796
A6: Age30to34 | B6: 0.4548636 | C6: -7.8545709e-05 | D6: -0.0001587314 | E6: 0.0050298336 | F6: 0.0055940611 | G6: 0.01408838 | H6: 0.0056599163 | I6: 0.005561083 | J6: 0.0054720368 | K6: 0.0055497721 | L6: 0.0055983679 | M6: 0.0055707504 | N6: 0.0055861563 | O6: 0.005511366 | P6: 0.0054917863 | Q6: 0.0054011876 | R6: 0.0053687358 | S6: 0.00053869713 | T6: 0.00048655236 | U6: 0.00061826885 | V6: 0.0005758558 | W6: -0.0051437134 | X6: -0.0048317196 | Y6: -0.0050928732 | Z6: -0.00027218666 | AA6: -0.00019596089 | AB6: -0.00042742462 | AC6: -8.669651e-05 | AD6: 0.00019527454 | AE6: 7.5497403e-05 | AF6: 0.00030735682 | AG6: 0.00034220977 | AH6: -0.00028453258 | AI6: -1.5664545e-05 | AJ6: -7.2179895e-05 | AK6: 0.0010919293 | AL6: 0.0011007366 | AM6: 0.00025396522 | AN6: -2.5282348e-05 | AO6: 0.00011131972 | AP6: -1.7704473e-05 | AQ6: -0.00094061505 | AR6: 0.0010626728 | AS6: -0.00034626738 | AT6: -0.0010090746
A7: Age35to39 | B7: 0.28232431 | C7: -7.8246653e-05 | D7: -0.00010226931 | E7: 0.0049546823 | F7: 0.0055464927 | G7: 0.0056599163 | H7: 0.010443651 | I7: 0.0056384637 | J7: 0.0055992453 | K7: 0.0056601599 | L7: 0.005685763 | M7: 0.0056019716 | N7: 0.005524339 | O7: 0.0054373884 | P7: 0.0054365316 | Q7: 0.0053743827 | R7: 0.0053496764 | S7: 0.00039283822 | T7: 0.00047564491 | U7: 0.00058431117 | V7: 0.00060093781 | W7: -0.0051433736 | X7: -0.0047793004 | Y7: -0.0049439325 | Z7: -5.2067158e-06 | AA7: -7.3446603e-05 | AB7: -0.00011429638 | AC7: -0.00044494738 | AD7: -6.9621496e-05 | AE7: 0.00013966175 | AF7: 7.3739964e-06 | AG7: 0.00010690964 | AH7: -0.00015630271 | AI7: -0.00018866286 | AJ7: -0.000314659 | AK7: 0.00035394868 | AL7: 0.00023255668 | AM7: 3.5528969e-05 | AN7: -0.00012898486 | AO7: -0.00014464373 | AP7: -0.00027542592 | AQ7: -0.00016608525 | AR7: -0.00045238139 | AS7: -0.00031518929 | AT7: -0.00082365072
A8: Age40to44 | B8: 0.29651361 | C8: -0.00013740075 | D8: -0.0001357991 | E8: 0.0049749852 | F8: 0.0055648068 | G8: 0.005561083 | H8: 0.0056384637 | I8: 0.0096878677 | J8: 0.0055886724 | K8: 0.0056098512 | L8: 0.0056330611 | M8: 0.0055370349 | N8: 0.0054646137 | O8: 0.0053440801 | P8: 0.0053121917 | Q8: 0.0053067503 | R8: 0.0052144935 | S8: -7.1717203e-05 | T8: 6.4109692e-06 | U8: 4.3124738e-05 | V8: -4.0145192e-05 | W8: -0.0051818597 | X8: -0.0048398371 | Y8: -0.0047624927 | Z8: 0.00023553172 | AA8: 0.00010624877 | AB8: -7.7640253e-06 | AC8: -0.00025202742 | AD8: -4.0654141e-05 | AE8: 1.0427798e-06 | AF8: -0.00060284885 | AG8: -0.00050507563 | AH8: -0.00048858804 | AI8: -0.00054682828 | AJ8: -0.00044932271 | AK8: -0.00028277781 | AL8: -0.0004727 | AM8: -0.00043870176 | AN8: -0.00059136592 | AO8: -0.00059988262 | AP8: -0.00069218122 | AQ8: -0.00052054153 | AR8: 3.1346577e-05 | AS8: -0.00026656178 | AT8: 0.00010593532
A9: Age45to49 | B9: 0.4116622 | C9: -8.9708623e-05 | D9: -4.1293837e-05 | E9: 0.0049053418 | F9: 0.00550788 | G9: 0.0054720368 | H9: 0.0055992453 | I9: 0.0055886724 | J9: 0.007678785 | K9: 0.0056021298 | L9: 0.0056037465 | M9: 0.0055409292 | N9: 0.0054659456 | O9: 0.0053714267 | P9: 0.0053442933 | Q9: 0.0053416429 | R9: 0.0052697465 | S9: 0.00040071649 | T9: 0.00049502593 | U9: 0.00055657095 | V9: 0.00057665216 | W9: -0.0049472888 | X9: -0.0047842647 | Y9: -0.0048628403 | Z9: 8.9703277e-05 | AA9: -5.1123272e-05 | AB9: -0.00018937102 | AC9: -0.00036441645 | AD9: -6.445597e-05 | AE9: -6.8407269e-05 | AF9: -2.8749907e-05 | AG9: -0.00010722872 | AH9: -0.0002389008 | AI9: -0.00016207606 | AJ9: 4.978953e-05 | AK9: 8.7966116e-05 | AL9: -2.4985631e-05 | AM9: -5.9354659e-05 | AN9: -0.00012149222 | AO9: -8.025683e-05 | AP9: -0.00024326634 | AQ9: -0.00031244528 | AR9: -7.4381059e-05 | AS9: -9.4922212e-05 | AT9: -0.00077281409
A10: Age50to54 | B10: 0.19307168 | C10: -8.5619293e-05 | D10: -1.2675525e-05 | E10: 0.004889502 | F10: 0.005551284 | G10: 0.0055497721 | H10: 0.0056601599 | I10: 0.0056098512 | J10: 0.0056021298 | K10: 0.0071263958 | L10: 0.0056339638 | M10: 0.0055903011 | N10: 0.0054852451 | O10: 0.0053974412 | P10: 0.0053758192 | Q10: 0.0053725859 | R10: 0.005274942 | S10: 0.00043956274 | T10: 0.00059078704 | U10: 0.00068378508 | V10: 0.00064842593 | W10: -0.0049062359 | X10: -0.0047817316 | Y10: -0.0048257471 | Z10: -9.1828116e-05 | AA10: -0.0001889269 | AB10: -0.00034965197 | AC10: -0.00062301589 | AD10: -1.7385652e-05 | AE10: -7.4261331e-05 | AF10: -6.226262e-05 | AG10: 1.2908699e-05 | AH10: -0.00021034504 | AI10: -0.00016359445 | AJ10: -0.00014527183 | AK10: 0.00015560244 | AL10: 1.0635867e-05 | AM10: 8.7734054e-05 | AN10: -0.00011704242 | AO10: -0.00012714025 | AP10: -0.00016376115 | AQ10: -0.00018594166 | AR10: -0.00041052527 | AS10: 9.4544379e-05 | AT10: -0.0008064162
A11: Age55to59 | B11: 0.1569153 | C11: -8.7430102e-05 | D11: 0.0001161931 | E11: 0.004865418 | F11: 0.0055338415 | G11: 0.0055983679 | H11: 0.005685763 | I11: 0.0056330611 | J11: 0.0056037465 | K11: 0.0056339638 | L11: 0.0074721668 | M11: 0.0055678783 | N11: 0.0054764931 | O11: 0.0054013491 | P11: 0.0053746831 | Q11: 0.0053637332 | R11: 0.005307572 | S11: 0.00046003579 | T11: 0.00060507429 | U11: 0.00082223322 | V11: 0.00066656101 | W11: -0.0050329692 | X11: -0.0047791259 | Y11: -0.0045625469 | Z11: -0.00015849007 | AA11: -0.00025475628 | AB11: -0.00015607387 | AC11: -0.00056870477 | AD11: -1.5809092e-05 | AE11: -0.00020208485 | AF11: -0.00044271097 | AG11: -0.00033602348 | AH11: -0.00055786959 | AI11: -0.00055714711 | AJ11: -0.0004958793 | AK11: -0.00027738156 | AL11: -0.00034265107 | AM11: -0.00032465329 | AN11: -0.00052642427 | AO11: -0.00063134445 | AP11: -0.00043995088 | AQ11: -0.00025665739 | AR11: -0.00049796949 | AS11: 8.4338613e-05 | AT11: -0.00055845741
A12: Age60to64 | B12: 0.087487403 | C12: -5.9907286e-05 | D12: 2.8478987e-05 | E12: 0.0048665769 | F12: 0.0054881011 | G12: 0.0055707504 | H12: 0.0056019716 | I12: 0.0055370349 | J12: 0.0055409292 | K12: 0.0055903011 | L12: 0.0055678783 | M12: 0.0070360307 | N12: 0.0054849269 | O12: 0.0054325549 | P12: 0.0054323422 | Q12: 0.0054345511 | R12: 0.0053857213 | S12: 0.00053373403 | T12: 0.00062110543 | U12: 0.00069125361 | V12: 0.00067216036 | W12: -0.0048696352 | X12: -0.0047320065 | Y12: -0.004922871 | Z12: -0.0001969045 | AA12: -0.00030554468 | AB12: -0.00035131326 | AC12: -0.00057723689 | AD12: 4.9369429e-06 | AE12: -0.0001320337 | AF12: -5.9925553e-06 | AG12: -5.800013e-05 | AH12: -0.00017056424 | AI12: -0.00018665335 | AJ12: -0.00015836201 | AK12: 2.4534182e-05 | AL12: -6.7029439e-07 | AM12: -4.1696138e-05 | AN12: -0.00014545659 | AO12: -0.00022785976 | AP12: -0.00020885236 | AQ12: -0.00017344494 | AR12: -0.00023329408 | AS12: 0.00010723775 | AT12: -0.00080469107
A13: Age65to69 | B13: 0.03246383 | C13: -7.3827317e-05 | D13: 0.0001014422 | E13: 0.0048668315 | F13: 0.0053916824 | G13: 0.0055861563 | H13: 0.005524339 | I13: 0.0054646137 | J13: 0.0054659456 | K13: 0.0054852451 | L13: 0.0054764931 | M13: 0.0054849269 | N13: 0.0077539115 | O13: 0.0055034355 | P13: 0.0055036355 | Q13: 0.005528567 | R13: 0.0054850354 | S13: 0.00012834191 | T13: 0.00022063634 | U13: 0.00014331118 | V13: 0.00022718127 | W13: -0.0048756781 | X13: -0.004656412 | Y13: -0.0049821224 | Z13: -0.00027586083 | AA13: -0.00010058351 | AB13: -0.0001967083 | AC13: -0.00020267527 | AD13: -3.7719038e-05 | AE13: 0.00011014992 | AF13: -1.1708825e-05 | AG13: 5.5541077e-05 | AH13: -7.9949597e-05 | AI13: -0.00011234682 | AJ13: 4.3687006e-05 | AK13: 0.00014437286 | AL13: -7.9012491e-06 | AM13: 0.00016971176 | AN13: -1.6951553e-05 | AO13: -0.00014071189 | AP13: -7.787144e-05 | AQ13: -6.5509302e-05 | AR13: 0.00012423145 | AS13: 0.00046850689 | AT13: -0.00063321067
... A45: Constant | B45: 2.0918638 | C45: -0.00014640691 | D45: -0.0002374244 | E45: -0.0011025126 | F45: -0.00033229796 | G45: -0.0010090746 | H45: -0.00082365072 | I45: 0.00010593532 | J45: -0.00077281409 | K45: -0.0008064162 | L45: -0.00055845741 | M45: -0.00080469107 | N45: -0.00063321067 | O45: -0.00078106769 | P45: -0.00060889896 | Q45: -0.00063345135 | R45: -0.00076292089 | S45: -0.0036761946 | T45: -0.0037544161 | U45: -0.003855066 | V45: -0.0039122915 | W45: -0.0034715909 | X45: -0.0034629396 | Y45: -0.0035160627 | Z45: -0.0002999169 | AA45: -0.00013546781 | AB45: 1.3802711e-05 | AC45: -0.00079099447 | AD45: -0.00031116984 | AE45: -8.3631033e-05 | AF45: -0.0044436344 | AG45: -0.0043115855 | AH45: -0.0044543081 | AI45: -0.0044117294 | AJ45: -0.0039317797 | AK45: -0.004560353 | AL45: -0.0044250483 | AM45: -0.0044958233 | AN45: -0.0044254608 | AO45: -0.0045286975 | AP45: -0.0039440332 | AQ45: -0.0024474822 | AR45: -0.0045705803 | AS45: -0.0020985617 | AT45: 0.01253304

Sheet S3d_orig
A1: REGRESSOR | B1: COEFFICIENT | C1: HrsProvidedInformalIHS_L1 | D1: Dgn | E1: Age20to24 | F1: Age25to29 | G1: Age30to34 | H1: Age35to39 | I1: Age40to44 | J1: Age45to49 | K1: Age50to54 | L1: Age55to59 | M1: Age60to64 | N1: Age65to69 | O1: Age70to74 | P1: Age75to79 | Q1: Age80to84 | R1: Age85plus | S1: ReceiveCarePartner | T1: CareMarketInformalPartner | U1: CareMarketMixedPartner | V1: Dhe_Poor | W1: Dhe_Fair | X1: Dhe_Good | Y1: Dhe_VeryGood | Z1: Dhesp_Fair | AA1: Dhesp_Good | AB1: Dhesp_VeryGood | AC1: Dhesp_Excellent | AD1: Deh_c4_High | AE1: Deh_c4_Medium | AF1: HHincomeQ2 | AG1: HHincomeQ3 | AH1: HHincomeQ4 | AI1: HHincomeQ5 | AJ1: Y2020 | AK1: Y2021 | AL1: demRgnUKC | AM1: demRgnUKD | AN1: demRgnUKE | AO1: demRgnUKF | AP1: demRgnUKG | AQ1: demRgnUKH | AR1: demRgnUKJ | AS1: demRgnUKK | AT1: demRgnUKL | AU1: demRgnUKM | AV1: demRgnUKN | AW1: demEthnC4Asian | AX1: demEthnC4Black | AY1: demEthnC4Other | AZ1: Constant
A2: HrsProvidedInformalIHS_L1 | B2: 0.31106092 | C2: 5.9483141e-05 | D2: 2.5989461e-05 | E2: -0.00017804834 | F2: -0.00019666065 | G2: -0.00026196241 | H2: -0.00027627065 | I2: -3.4706182e-05 | J2: -0.0002674999 | K2: -0.00026588891 | L2: -0.00025737078 | M2: -0.00024360387 | N2: -0.00021586924 | O2: -0.00021363619 | P2: -0.0002188027 | Q2: -0.00022546786 | R2: -0.00022397795 | S2: -3.2985647e-05 | T2: 3.2475374e-06 | U2: -4.6476285e-05 | V2: -1.3294911e-05 | W2: 2.8739314e-05 | X2: -1.6881066e-07 | Y2: -8.2661314e-06 | Z2: 6.9885893e-05 | AA2: 5.5376873e-05 | AB2: 4.0274083e-05 | AC2: 4.9710798e-05 | AD2: 1.0478532e-05 | AE2: 1.8540557e-05 | AF2: 6.5760623e-05 | AG2: 9.4610204e-05 | AH2: 0.00010911996 | AI2: 0.00019793693 | AJ2: -1.9690361e-05 | AK2: -2.3145198e-05 | AL2: 6.3499392e-05 | AM2: 6.3107809e-05 | AN2: 6.3631889e-05 | AO2: 6.7283615e-05 | AP2: 5.1431982e-05 | AQ2: 0.00023087495 | AR2: 7.0126926e-05 | AS2: 8.4924175e-05 | AT2: 8.1900168e-05 | AU2: 5.9400173e-05 | AV2: 5.3812473e-05 | AW2: 0.00046923781 | AX2: 4.7363108e-05 | AY2: -2.2041199e-05 | AZ2: -0.00014194084
A3: Dgn | B3: -0.16296205 | C3: 2.5989461e-05 | D3: 0.00040705845 | E3: -7.6958949e-05 | F3: -0.00020419199 | G3: -0.00025895897 | H3: -0.00020627947 | I3: -0.00012269685 | J3: -0.0002518219 | K3: -0.00023860566 | L3: -0.00023891611 | M3: -0.00023779822 | N3: -0.00024359189 | O3: -0.0002854132 | P3: -0.00031424673 | Q3: -0.00031625295 | R3: -0.00026190392 | S3: 1.0763796e-05 | T3: -7.3940841e-06 | U3: -6.4600027e-05 | V3: 5.0480458e-06 | W3: -5.2232451e-05 | X3: 1.9405366e-05 | Y3: -9.8492874e-06 | Z3: 0.0001469541 | AA3: 4.8216792e-05 | AB3: 5.9764476e-05 | AC3: 6.1611179e-05 | AD3: 2.033196e-05 | AE3: -4.0432933e-05 | AF3: 4.7327416e-05 | AG3: 3.3719446e-05 | AH3: 3.6089159e-05 | AI3: 5.4889643e-05 | AJ3: -7.6289558e-06 | AK3: 1.0745091e-05 | AL3: 8.1795559e-05 | AM3: 5.6909558e-05 | AN3: 7.8548051e-05 | AO3: 6.7814453e-05 | AP3: 5.7081829e-05 | AQ3: 0.00014268857 | AR3: 5.5294508e-05 | AS3: 7.3810853e-05 | AT3: 5.4045067e-05 | AU3: 5.4772605e-05 | AV3: 9.359079e-05 | AW3: 0.00027271531 | AX3: 6.0272189e-06 | AY3: -0.00013909428 | AZ3: -0.00014272252
A4: Age20to24 | B4: -0.21415897 | C4: -0.00017804834 | D4: -7.6958949e-05 | E4: 0.032422207 | F4: 0.010656708 | G4: 0.010788024 | H4: 0.010799131 | I4: 0.0094930689 | J4: 0.010948783 | K4: 0.010908166 | L4: 0.010776272 | M4: 0.010657081 | N4: 0.010374797 | O4: 0.010309212 | P4: 0.010339254 | Q4: 0.01039545 | R4: 0.010408999 | S4: 4.4335543e-06 | T4: 4.8833747e-05 | U4: 0.00037793849 | V4: -0.00011068042 | W4: -0.00016048781 | X4: 0.00026994623 | Y4: 0.00013432975 | Z4: -0.00035193479 | AA4: -0.00019149414 | AB4: 0.00019143289 | AC4: -0.00014228337 | AD4: 0.00019396114 | AE4: 7.6483333e-05 | AF4: 0.00036469632 | AG4: -0.00043289142 | AH4: -0.00056541385 | AI4: -0.0011923552 | AJ4: 0.00010726483 | AK4: 0.00013977823 | AL4: -0.0022005452 | AM4: -0.0021486732 | AN4: -0.0022184413 | AO4: -0.0020403454 | AP4: -0.0020171923 | AQ4: -0.0032107009 | AR4: -0.0022066736 | AS4: -0.0021637022 | AT4: -0.0022669231 | AU4: -0.0021219911 | AV4: -0.0019685324 | AW4: -0.003950026 | AX4: -0.0012522666 | AY4: -0.0010932777 | AZ4: -0.0076914705
A5: Age25to29 | B5: -0.051473896 | C5: -0.00019666065 | D5: -0.00020419199 | E5: 0.010656708 | F5: 0.019547993 | G5: 0.011324267 | H5: 0.011312353 | I5: 0.0098448427 | J5: 0.011508377 | K5: 0.011485343 | L5: 0.011337896 | M5: 0.01118206 | N5: 0.010850479 | O5: 0.010774709 | P5: 0.010772032 | Q5: 0.010841918 | R5: 0.01084013 | S5: 3.8733049e-05 | T5: -4.2681852e-07 | U5: 0.00039148057 | V5: -0.00016379122 | W5: -5.060242e-05 | X5: 0.00031400709 | Y5: 0.00015733856 | Z5: -8.3468112e-05 | AA5: -6.926011e-05 | AB5: 0.0003527761 | AC5: 2.9731045e-05 | AD5: 0.00021938096 | AE5: 0.00018128625 | AF5: 0.00057748007 | AG5: -0.0003372566 | AH5: -0.00054571736 | AI5: -0.0013168784 | AJ5: 3.2411111e-06 | AK5: 4.1614307e-05 | AL5: -0.0024373817 | AM5: -0.0022385956 | AN5: -0.0022501461 | AO5: -0.0022990008 | AP5: -0.002087941 | AQ5: -0.0034799908 | AR5: -0.00238382 | AS5: -0.0024040679 | AT5: -0.0017913515 | AU5: -0.002310464 | AV5: -0.0021903239 | AW5: -0.0044734547 | AX5: -0.0014059025 | AY5: -0.00064778287 | AZ5: -0.0082440479
A6: Age30to34 | B6: -0.06633164 | C6: -0.00026196241 | D6: -0.00025895897 | E6: 0.010788024 | F6: 0.011324267 | G6: 0.015836742 | H6: 0.011493452 | I6: 0.0098092654 | J6: 0.011707092 | K6: 0.011668899 | L6: 0.011508238 | M6: 0.011345999 | N6: 0.011007273 | O6: 0.010934352 | P6: 0.010981486 | Q6: 0.011055255 | R6: 0.011056504 | S6: -2.1033296e-06 | T6: 0.00010695593 | U6: 0.00052209633 | V6: -0.00010437881 | W6: -0.0002920013 | X6: 0.00031190417 | Y6: 7.8148094e-05 | Z6: -0.0003845359 | AA6: -0.00025695861 | AB6: 0.00025166747 | AC6: -0.00016020766 | AD6: 0.00012191957 | AE6: 0.00012408288 | AF6: 0.00029595516 | AG6: -0.00035825072 | AH6: -0.00073803407 | AI6: -0.0015076508 | AJ6: 3.0028153e-05 | AK6: 9.1658551e-05 | AL6: -0.0024855717 | AM6: -0.0023386307 | AN6: -0.0023722665 | AO6: -0.0021697882 | AP6: -0.0021173683 | AQ6: -0.0035971038 | AR6: -0.0024244137 | AS6: -0.0024901066 | AT6: -0.002233649 | AU6: -0.0021915592 | AV6: -0.0021033332 | AW6: -0.0050752076 | AX6: -0.0014232143 | AY6: -0.0010985575 | AZ6: -0.0077715597
A7: Age35to39 | B7: 0.027378891 | C7: -0.00027627065 | D7: -0.00020627947 | E7: 0.010799131 | F7: 0.011312353 | G7: 0.011493452 | H7: 0.013937516 | I7: 0.0095695333 | J7: 0.011690516 | K7: 0.011664614 | L7: 0.011507313 | M7: 0.011325436 | N7: 0.010970495 | O7: 0.010890689 | P7: 0.010928686 | Q7: 0.010986702 | R7: 0.010962385 | S7: 0.00010944324 | T7: 1.3685027e-06 | U7: 0.00042757497 | V7: -0.00014524712 | W7: -0.00030542973 | X7: 0.00023456297 | Y7: 0.00011632225 | Z7: -0.00035981477 | AA7: -0.00019718944 | AB7: 0.00023326942 | AC7: -8.6050634e-05 | AD7: 0.00018728146 | AE7: 8.4658573e-05 | AF7: 0.0003302125 | AG7: -0.00047637699 | AH7: -0.00076726664 | AI7: -0.0016567375 | AJ7: 7.3181357e-05 | AK7: 0.00025588966 | AL7: -0.0024680077 | AM7: -0.0023892296 | AN7: -0.0024371012 | AO7: -0.0023667556 | AP7: -0.0021477978 | AQ7: -0.0037991242 | AR7: -0.0023637736 | AS7: -0.0025328453 | AT7: -0.0022668104 | AU7: -0.0023099885 | AV7: -0.0018677999 | AW7: -0.0052376596 | AX7: -0.0014487526 | AY7: -0.00011874091 | AZ7: -0.0076535695
A8: Age40to44 | B8: -0.23920834 | C8: -3.4706182e-05 | D8: -0.00012269685 | E8: 0.0094930689 | F8: 0.0098448427 | G8: 0.0098092654 | H8: 0.0095695333 | I8: 0.012034496 | J8: 0.0097321743 | K8: 0.0098007701 | L8: 0.0097428674 | M8: 0.0097168334 | N8: 0.0095262398 | O8: 0.0095215393 | P8: 0.0094793616 | Q8: 0.0094358945 | R8: 0.0095070522 | S8: -8.8569059e-05 | T8: 0.00014358773 | U8: 0.00031092712 | V8: -9.8551272e-05 | W8: 0.00015928075 | X8: 0.0003537071 | Y8: 9.1559876e-06 | Z8: 8.8315895e-05 | AA8: 0.00011754238 | AB8: 0.00034968514 | AC8: 5.0616732e-05 | AD8: 0.00015951537 | AE8: 0.00021549455 | AF8: 0.00039445228 | AG8: -0.00013384445 | AH8: -0.00037474114 | AI8: -0.00033222242 | AJ8: -0.00022545161 | AK8: -0.00018614339 | AL8: -0.0017873961 | AM8: -0.0016509117 | AN8: -0.0016891647 | AO8: -0.0016709221 | AP8: -0.0017024425 | AQ8: -0.0013521661 | AR8: -0.0017985483 | AS8: -0.0017708443 | AT8: -0.00146792 | AU8: -0.0017127124 | AV8: -0.0017762643 | AW8: -0.00031992436 | AX8: -0.0010830477 | AY8: -0.0010181516 | AZ8: -0.0082332742
A9: Age45to49 | B9: -0.23777153 | C9: -0.0002674999 | D9: -0.0002518219 | E9: 0.010948783 | F9: 0.011508377 | G9: 0.011707092 | H9: 0.011690516 | I9: 0.0097321743 | J9: 0.013053661 | K9: 0.011889548 | L9: 0.011719751 | M9: 0.011532096 | N9: 0.011161827 | O9: 0.01107294 | P9: 0.01111634 | Q9: 0.01119053 | R9: 0.011148552 | S9: 8.8166523e-05 | T9: 2.3320939e-05 | U9: 0.00047355633 | V9: -0.00011243182 | W9: -0.00032827341 | X9: 0.00023763122 | Y9: 9.9985963e-05 | Z9: -0.00036959833 | AA9: -0.0001837114 | AB9: 0.000310258 | AC9: 1.8770179e-05 | AD9: 0.0001654685 | AE9: 0.00011228518 | AF9: 0.00022184094 | AG9: -0.00059173457 | AH9: -0.0009068571 | AI9: -0.0018458635 | AJ9: 8.706727e-05 | AK9: 0.00010381851 | AL9: -0.0024754983 | AM9: -0.0024094327 | AN9: -0.0024623013 | AO9: -0.0024569473 | AP9: -0.0022635851 | AQ9: -0.0040294467 | AR9: -0.00243167 | AS9: -0.0025601102 | AT9: -0.0023302615 | AU9: -0.0024542909 | AV9: -0.0024224227 | AW9: -0.005601789 | AX9: -0.0016106774 | AY9: -0.00084436054 | AZ9: -0.0076379872
A10: Age50to54 | B10: -0.25724304 | C10: -0.00026588891 | D10: -0.00023860566 | E10: 0.010908166 | F10: 0.011485343 | G10: 0.011668899 | H10: 0.011664614 | I10: 0.0098007701 | J10: 0.011889548 | K10: 0.012439412 | L10: 0.011689751 | M10: 0.01150028 | N10: 0.011128431 | O10: 0.011044157 | P10: 0.01108307 | Q10: 0.011165377 | R10: 0.011127561 | S10: 8.3609718e-05 | T10: 2.8220847e-05 | U10: 0.00045490605 | V10: -0.00013216414 | W10: -0.00033463007 | X10: 0.00023216873 | Y10: 8.9019523e-05 | Z10: -0.00032960749 | AA10: -0.00016146858 | AB10: 0.00031940954 | AC10: 8.7350659e-06 | AD10: 0.00019735764 | AE10: 0.00012014583 | AF10: 0.00025852372 | AG10: -0.00052738672 | AH10: -0.00083982298 | AI10: -0.0018044687 | AJ10: 6.8001657e-05 | AK10: 7.8302132e-05 | AL10: -0.0025711524 | AM10: -0.0023855999 | AN10: -0.0024402182 | AO10: -0.0024577565 | AP10: -0.0022218727 | AQ10: -0.0039117855 | AR10: -0.0025120515 | AS10: -0.0025648307 | AT10: -0.0022602577 | AU10: -0.0024009682 | AV10: -0.0023827675 | AW10: -0.0053732436 | AX10: -0.0015494034 | AY10: -0.00073375559 | AZ10: -0.0077003895
A11: Age55to59 | B11: -0.32560769 | C11: -0.00025737078 | D11: -0.00023891611 | E11: 0.010776272 | F11: 0.011337896 | G11: 0.011508238 | H11: 0.011507313 | I11: 0.0097428674 | J11: 0.011719751 | K11: 0.011689751 | L11: 0.012036011 | M11: 0.011354688 | N11: 0.010997163 | O11: 0.010917155 | P11: 0.010958162 | Q11: 0.011045609 | R11: 0.011008017 | S11: -5.8217042e-06 | T11: 6.8726247e-05 | U11: 0.00048048551 | V11: -0.00011365612 | W11: -0.00027080798 | X11: 0.00021655852 | Y11: 8.3002944e-05 | Z11: -0.00031363329 | AA11: -0.00019859442 | AB11: 0.00028705327 | AC11: 8.0922041e-06 | AD11: 0.00021223619 | AE11: 0.00016273809 | AF11: 0.00019676959 | AG11: -0.00061770904 | AH11: -0.00090340723 | AI11: -0.0018242307 | AJ11: 7.2960382e-05 | AK11: 9.9936091e-05 | AL11: -0.002476854 | AM11: -0.0022705876 | AN11: -0.0023608146 | AO11: -0.0023326818 | AP11: -0.0021434122 | AQ11: -0.0037290719 | AR11: -0.0024103311 | AS11: -0.0024768447 | AT11: -0.0022178963 | AU11: -0.0023109326 | AV11: -0.0022461981 | AW11: -0.0050943797 | AX11: -0.0014223848 | AY11: -0.00071952483 | AZ11: -0.007635001
A12: Age60to64 | B12: -0.32625344 | C12: -0.00024360387 | D12: -0.00023779822 | E12: 0.010657081 | F12: 0.01118206 | G12: 0.011345999 | H12: 0.011325436 | I12: 0.0097168334 | J12: 0.011532096 | K12: 0.01150028 | L12: 0.011354688 | M12: 0.011721588 | N12: 0.010883704 | O12: 0.010820497 | P12: 0.010866337 | Q12: 0.010958596 | R12: 0.01093413 | S12: 1.4832477e-05 | T12: 1.3689215e-05 | U12: 0.00041411114 | V12: -0.00012373677 | W12: -0.00028500392 | X12: 0.00021070554 | Y12: 5.7571121e-05 | Z12: -0.00031817448 | AA12: -0.00018848012 | AB12: 0.00027824458 | AC12: -2.2896316e-05 | AD12: 0.00019990254 | AE12: 0.0001830785 | AF12: 0.00018217163 | AG12: -0.00059504378 | AH12: -0.00086410151 | AI12: -0.0016358179 | AJ12: 6.1142269e-05 | AK12: 4.7853676e-05 | AL12: -0.0023631113 | AM12: -0.0022235841 | AN12: -0.0022772814 | AO12: -0.0022792083 | AP12: -0.0020685204 | AQ12: -0.0035766974 | AR12: -0.002353454 | AS12: -0.0023930126 | AT12: -0.0021517986 | AU12: -0.0022519829 | AV12: -0.0021878703 | AW12: -0.0047275297 | AX12: -0.0013808217 | AY12: -0.00066035412 | AZ12: -0.007639554
A13: Age65to69 | B13: -0.37623104 | C13: -0.00021586924 | D13: -0.00024359189 | E13: 0.010374797 | F13: 0.010850479 | G13: 0.011007273 | H13: 0.010970495 | I13: 0.0095262398 | J13: 0.011161827 | K13: 0.011128431 | L13: 0.010997163 | M13: 0.010883704 | N13: 0.011206548 | O13: 0.010595878 | P13: 0.010662534 | Q13: 0.010756394 | R13: 0.010749805 | S13: -0.00010110623 | T13: 4.3181593e-05 | U13: 0.00045198029 | V13: -9.7567387e-05 | W13: -0.00024910105 | X13: 0.00021009911 | Y13: 3.8540841e-05 | Z13: -0.00033145682 | AA13: -0.00017508386 | AB13: 0.00025781101 | AC13: -1.7772314e-05 | AD13: 0.00018717957 | AE13: 0.00020753688 | AF13: 0.00014183958 | AG13: -0.00057527441 | AH13: -0.00072623158 | AI13: -0.0014019485 | AJ13: 2.7542656e-05 | AK13: 4.3795774e-05 | AL13: -0.0021981246 | AM13: -0.0020917084 | AN13: -0.0021448511 | AO13: -0.0021315764 | AP13: -0.0019439654 | AQ13: -0.0033228748 | AR13: -0.0022150917 | AS13: -0.0022420045 | AT13: -0.0019832826 | AU13: -0.0020535211 | AV13: -0.0020630264 | AW13: -0.0042926882 | AX13: -0.0012320776 | AY13: -0.00058131818 | AZ13: -0.0076310968
... A51: Constant | B51: 3.492109 | C51: -0.00014194084 | D51: -0.00014272252 | E51: -0.0076914705 | F51: -0.0082440479 | G51: -0.0077715597 | H51: -0.0076535695 | I51: -0.0082332742 | J51: -0.0076379872 | K51: -0.0077003895 | L51: -0.007635001 | M51: -0.007639554 | N51: -0.0076310968 | O51: -0.0075974231 | P51: -0.0075168439 | Q51: -0.0074284926 | R51: -0.0075839594 | S51: -7.5660906e-05 | T51: -0.00015963996 | U51: -2.6138677e-05 | V51: -0.00112187 | W51: -0.001217787 | X51: -0.0012232209 | Y51: -0.00091199689 | Z51: -0.00084091148 | AA51: -0.00077643308 | AB51: -0.0010623735 | AC51: -0.00092299304 | AD51: -0.00068068432 | AE51: -0.00072928155 | AF51: -0.0022373898 | AG51: -0.0016602929 | AH51: -0.0015399119 | AI51: -0.0017011152 | AJ51: 0.00013096284 | AK51: 0.00016718524 | AL51: -0.00040786819 | AM51: -0.00036192976 | AN51: -0.00044001998 | AO51: -0.00046412161 | AP51: -0.00032836376 | AQ51: -0.00076804648 | AR51: -0.00031859479 | AS51: -0.00042989983 | AT51: -0.00076459913 | AU51: -0.00043456193 | AV51: -0.00081606822 | AW51: -0.0012760078 | AX51: -0.00017680467 | AY51: 0.00029418788 | AZ51: 0.012483281

Sheet S2a
A1: REGRESSOR | B1: COEFFICIENT | C1: careNeedFlagL1 | D1: demMaleFlag | E1: demAge67to68 | F1: demAge69to70 | G1: demAge71to72 | H1: demAge73to74 | I1: demAge75to76 | J1: demAge77to78 | K1: demAge79to80 | L1: demAge81to82 | M1: demAge83to84 | N1: demAge85plus | O1: healthSelfRatedFair | P1: healthSelfRatedGood | Q1: healthSelfRatedVeryGood | R1: healthSelfRatedExcellent | S1: demPartnerStatusPartnered | T1: eduHighestC4Medium | U1: eduHighestC4Low | V1: demYear2020 | W1: demYear2021 | X1: demRgnUKC | Y1: demRgnUKD | Z1: demRgnUKE | AA1: demRgnUKF | AB1: demRgnUKG | AC1: demRgnUKH | AD1: demRgnUKJ | AE1: demRgnUKK | AF1: demRgnUKL | AG1: demRgnUKM | AH1: demRgnUKN | AI1: demEthnC4Asian | AJ1: demEthnC4Black | AK1: demEthnC4Other | AL1: Constant
A2: careNeedFlagL1 | B2: 1.6873924 | C2: 0.00027294044 | D2: 1.3097117e-05 | E2: -3.2689148e-05 | F2: -3.3996891e-05 | G2: -5.0014555e-05 | H2: -5.4472952e-05 | I2: -5.9071034e-05 | J2: -6.0738817e-05 | K2: -6.6418008e-05 | L2: -6.6942143e-05 | M2: -7.9230183e-05 | N2: -9.0583724e-05 | O2: 1.9039568e-05 | P2: 3.6549344e-05 | Q2: 4.6943284e-05 | R2: 4.9403005e-05 | S2: -7.3011003e-06 | T2: -7.0827368e-06 | U2: -1.9939996e-05 | V2: -4.8031705e-06 | W2: 1.7104589e-06 | X2: 8.0717975e-06 | Y2: 8.3251736e-07 | Z2: 4.5637547e-07 | AA2: 3.7451334e-06 | AB2: 3.1596911e-06 | AC2: 1.8702347e-05 | AD2: 4.7896369e-06 | AE2: 1.0139376e-05 | AF2: 6.5306897e-06 | AG2: 2.2617978e-06 | AH2: 1.365322e-06 | AI2: -3.0734437e-05 | AJ2: 1.0464404e-05 | AK2: -8.6245348e-06 | AL2: -7.3527871e-05
A3: demMaleFlag | B3: -0.12684304 | C3: 1.3097117e-05 | D3: 0.00025193158 | E3: -1.0869444e-05 | F3: -1.8536349e-05 | G3: -1.3621841e-05 | H3: -1.6101834e-05 | I3: -2.2415272e-05 | J3: -2.2817241e-05 | K3: -2.0987328e-05 | L3: -3.9362069e-05 | M3: -3.1129982e-05 | N3: -4.6311411e-05 | O3: 2.3209508e-05 | P3: 3.2084256e-05 | Q3: 4.3601913e-05 | R3: 3.1105877e-05 | S3: -5.6668529e-05 | T3: 3.1847363e-05 | U3: 4.3486427e-05 | V3: 9.3840104e-06 | W3: -6.2162645e-06 | X3: 1.8574575e-05 | Y3: 4.7713475e-06 | Z3: 1.3138076e-05 | AA3: -1.8652182e-06 | AB3: 3.564722e-06 | AC3: 7.3898155e-06 | AD3: 8.334713e-06 | AE3: 1.6080173e-05 | AF3: 1.0358242e-05 | AG3: 8.7344686e-07 | AH3: 3.8804626e-07 | AI3: -2.1940878e-05 | AJ3: 1.0517737e-05 | AK3: -2.4188494e-05 | AL3: -0.00013337219
A4: demAge67to68 | B4: -0.12345389 | C4: -3.2689148e-05 | D4: -1.0869444e-05 | E4: 0.0011289429 | F4: 0.00058861808 | G4: 0.00059137632 | H4: 0.00059324753 | I4: 0.00059482387 | J4: 0.00059592072 | K4: 0.00059792183 | L4: 0.00059972607 | M4: 0.00060189459 | N4: 0.00060634816 | O4: -1.7644862e-06 | P4: -2.28263e-06 | Q4: 6.8258216e-07 | R4: -6.3033258e-06 | S4: 4.2971427e-06 | T4: -2.0594551e-05 | U4: -3.9839438e-05 | V4: -1.5848866e-06 | W4: -4.5960801e-06 | X4: -1.6917012e-05 | Y4: -5.6421799e-06 | Z4: -7.4114112e-06 | AA4: 4.2261461e-06 | AB4: -1.2725422e-05 | AC4: -1.5194057e-05 | AD4: -7.8536849e-06 | AE4: -2.9529019e-06 | AF4: 2.552223e-06 | AG4: -1.3616426e-05 | AH4: 7.2311498e-08 | AI4: 2.7232105e-05 | AJ4: -5.1515883e-05 | AK4: -1.9830226e-05 | AL4: -0.00054619839
A5: demAge69to70 | B5: -0.015198448 | C5: -3.3996891e-05 | D5: -1.8536349e-05 | E5: 0.00058861808 | F5: 0.0010757913 | G5: 0.00059401179 | H5: 0.00059399144 | I5: 0.00059550136 | J5: 0.00059648788 | K5: 0.00059808066 | L5: 0.00060015141 | M5: 0.00060315942 | N5: 0.00060860593 | O5: -1.689838e-05 | P5: -9.39809e-06 | Q5: -8.917978e-06 | R5: -2.484918e-05 | S5: 9.7750074e-06 | T5: -1.2721769e-05 | U5: -3.1220245e-05 | V5: 3.4906221e-06 | W5: 4.7883188e-06 | X5: -1.8357323e-05 | Y5: -2.7241967e-05 | Z5: -2.3875314e-05 | AA5: -1.9948942e-05 | AB5: -2.7114232e-05 | AC5: -1.5768282e-05 | AD5: -2.3440437e-05 | AE5: -2.2583676e-05 | AF5: -1.3439487e-05 | AG5: -1.1915808e-05 | AH5: 8.180719e-07 | AI5: 0.00015245021 | AJ5: -2.7808548e-05 | AK5: -6.7311818e-06 | AL5: -0.00053510337
A6: demAge71to72 | B6: 0.02309202 | C6: -5.0014555e-05 | D6: -1.3621841e-05 | E6: 0.00059137632 | F6: 0.00059401179 | G6: 0.0010870341 | H6: 0.00060225428 | I6: 0.0006039467 | J6: 0.00060507446 | K6: 0.00060707464 | L6: 0.00060965701 | M6: 0.00061201388 | N6: 0.00061941397 | O6: -1.9487983e-05 | P6: -3.0913613e-05 | Q6: -2.7515975e-06 | R6: -3.0999546e-05 | S6: 2.6865617e-06 | T6: -1.5632976e-05 | U6: -4.888916e-05 | V6: -1.6964289e-05 | W6: 3.8108783e-06 | X6: -3.180783e-05 | Y6: -3.4734157e-05 | Z6: -2.7826718e-05 | AA6: -3.7629796e-05 | AB6: -4.5508692e-05 | AC6: -3.9530939e-05 | AD6: -3.5953548e-05 | AE6: -3.6564533e-05 | AF6: -8.9483244e-06 | AG6: -2.1954347e-05 | AH6: -5.3065926e-06 | AI6: 5.1060621e-05 | AJ6: -5.0474941e-05 | AK6: 0.00035145525 | AL6: -0.00050406504
A7: demAge73to74 | B7: 0.054451814 | C7: -5.4472952e-05 | D7: -1.6101834e-05 | E7: 0.00059324753 | F7: 0.00059399144 | G7: 0.00060225428 | H7: 0.0011037669 | I7: 0.0006069269 | J7: 0.00060859724 | K7: 0.00061118226 | L7: 0.00061333808 | M7: 0.0006163482 | N7: 0.00062453033 | O7: -4.7928072e-05 | P7: -4.2133057e-05 | Q7: -3.1190571e-05 | R7: -3.7154234e-05 | S7: 1.7171433e-05 | T7: -2.0924e-05 | U7: -5.4617295e-05 | V7: -2.5152943e-05 | W7: -2.7653894e-05 | X7: -1.4530196e-05 | Y7: -3.3871987e-05 | Z7: -3.2532627e-05 | AA7: -2.840895e-05 | AB7: -5.1833988e-05 | AC7: -3.5962216e-05 | AD7: -3.4955274e-05 | AE7: -2.7485321e-05 | AF7: -2.4980327e-05 | AG7: -2.8489188e-05 | AH7: -1.162377e-06 | AI7: 6.5516841e-05 | AJ7: -5.1411413e-05 | AK7: 2.8948684e-06 | AL7: -0.00048363888
A8: demAge75to76 | B8: 0.15215825 | C8: -5.9071034e-05 | D8: -2.2415272e-05 | E8: 0.00059482387 | F8: 0.00059550136 | G8: 0.0006039467 | H8: 0.0006069269 | I8: 0.0011789938 | J8: 0.00061209387 | K8: 0.00061515056 | L8: 0.0006187716 | M8: 0.00062245898 | N8: 0.00063412253 | O8: -4.3876709e-05 | P8: -4.9403357e-05 | Q8: -4.3166941e-05 | R8: -4.9424451e-05 | S8: 2.8910941e-05 | T8: -3.323286e-05 | U8: -6.7015555e-05 | V8: -2.3370898e-05 | W8: -1.6424547e-05 | X8: 2.6913096e-05 | Y8: -8.4230002e-06 | Z8: -6.1661472e-06 | AA8: 8.1724923e-07 | AB8: -1.2496588e-05 | AC8: -5.7251304e-06 | AD8: -6.4480874e-06 | AE8: -5.2218338e-06 | AF8: -2.8539058e-06 | AG8: 7.9550936e-06 | AH8: 1.9128819e-05 | AI8: 8.4287949e-05 | AJ8: -4.1114183e-05 | AK8: 8.8618727e-06 | AL8: -0.00050338362
A9: demAge77to78 | B9: 0.19919676 | C9: -6.0738817e-05 | D9: -2.2817241e-05 | E9: 0.00059592072 | F9: 0.00059648788 | G9: 0.00060507446 | H9: 0.00060859724 | I9: 0.00061209387 | J9: 0.0013242307 | K9: 0.00061911189 | L9: 0.00062267473 | M9: 0.00062662449 | N9: 0.00064042426 | O9: -4.6546736e-05 | P9: -6.1667081e-05 | Q9: -3.2139725e-05 | R9: -5.9169967e-05 | S9: 3.4200213e-05 | T9: -3.7390338e-05 | U9: -7.4293719e-05 | V9: -1.632975e-05 | W9: -1.2248891e-05 | X9: -5.0629195e-07 | Y9: -1.1600304e-05 | Z9: -2.8643986e-05 | AA9: -8.4872608e-06 | AB9: -2.1429251e-05 | AC9: -3.1147763e-05 | AD9: -2.0271494e-05 | AE9: -1.9457024e-05 | AF9: -1.6814344e-05 | AG9: -1.5559887e-05 | AH9: 8.1834133e-06 | AI9: 6.3528315e-05 | AJ9: -9.5775788e-05 | AK9: -2.7062473e-05 | AL9: -0.00048649865
A10: demAge79to80 | B10: 0.25040279 | C10: -6.6418008e-05 | D10: -2.0987328e-05 | E10: 0.00059792183 | F10: 0.00059808066 | G10: 0.00060707464 | H10: 0.00061118226 | I10: 0.00061515056 | J10: 0.00061911189 | K10: 0.0014723438 | L10: 0.00062800787 | M10: 0.00063248836 | N10: 0.00064755141 | O10: -7.2234381e-05 | P10: -6.8199452e-05 | Q10: -4.6366683e-05 | R10: -5.8851901e-05 | S10: 4.4961294e-05 | T10: -2.9044446e-05 | U10: -7.3351287e-05 | V10: -6.1207441e-06 | W10: -1.2235071e-05 | X10: -2.9147284e-07 | Y10: -1.7784603e-05 | Z10: -1.2050421e-05 | AA10: -2.1575206e-05 | AB10: -2.8605346e-05 | AC10: -4.2532919e-05 | AD10: -1.4334336e-05 | AE10: -2.7621612e-05 | AF10: -1.6291319e-05 | AG10: -2.2754199e-05 | AH10: -8.268069e-06 | AI10: 6.4280623e-05 | AJ10: -8.9574058e-05 | AK10: 2.11539e-05 | AL10: -0.00048472343
A11: demAge81to82 | B11: 0.28255827 | C11: -6.6942143e-05 | D11: -3.9362069e-05 | E11: 0.00059972607 | F11: 0.00060015141 | G11: 0.00060965701 | H11: 0.00061333808 | I11: 0.0006187716 | J11: 0.00062267473 | K11: 0.00062800787 | L11: 0.0017917794 | M11: 0.00063729426 | N11: 0.00065151233 | O11: -8.5236044e-05 | P11: -8.442636e-05 | Q11: -6.0493155e-05 | R11: -7.1989478e-05 | S11: 4.603314e-05 | T11: -1.7018467e-05 | U11: -7.8848893e-05 | V11: -9.833882e-06 | W11: 2.0189141e-05 | X11: 5.3955496e-05 | Y11: 6.7343706e-06 | Z11: -1.1894853e-05 | AA11: -4.7253403e-06 | AB11: -1.2055901e-05 | AC11: -4.5534452e-05 | AD11: -1.4649548e-05 | AE11: -3.0961825e-05 | AF11: -1.9537866e-05 | AG11: -2.4883164e-05 | AH11: -1.44661e-05 | AI11: 4.4613964e-05 | AJ11: -8.9673015e-05 | AK11: 2.466909e-05 | AL11: -0.00047905486
A12: demAge83to84 | B12: 0.35127761 | C12: -7.9230183e-05 | D12: -3.1129982e-05 | E12: 0.00060189459 | F12: 0.00060315942 | G12: 0.00061201388 | H12: 0.0006163482 | I12: 0.00062245898 | J12: 0.00062662449 | K12: 0.00063248836 | L12: 0.00063729426 | M12: 0.0019707018 | N12: 0.00066182069 | O12: -5.8583281e-05 | P12: -5.6908756e-05 | Q12: -3.4367194e-05 | R12: -2.9311744e-05 | S12: 6.8342323e-05 | T12: -2.6078882e-05 | U12: -7.1394757e-05 | V12: -2.719476e-06 | W12: 2.7660854e-05 | X12: -2.0542729e-05 | Y12: -4.8541505e-05 | Z12: -6.5818107e-05 | AA12: -5.2238969e-05 | AB12: -4.2774681e-05 | AC12: -8.3899888e-05 | AD12: -7.261212e-05 | AE12: -6.4006179e-05 | AF12: -5.9980341e-05 | AG12: -5.0995396e-05 | AH12: -4.2115061e-05 | AI12: 3.3901291e-05 | AJ12: -7.396501e-05 | AK12: -3.8184982e-05 | AL12: -0.00048079185
A13: demAge85plus | B13: 0.51368692 | C13: -9.0583724e-05 | D13: -4.6311411e-05 | E13: 0.00060634816 | F13: 0.00060860593 | G13: 0.00061941397 | H13: 0.00062453033 | I13: 0.00063412253 | J13: 0.00064042426 | K13: 0.00064755141 | L13: 0.00065151233 | M13: 0.00066182069 | N13: 0.0013672982 | O13: -7.3733632e-05 | P13: -0.00010700903 | Q13: -7.9967097e-05 | R13: -8.4079506e-05 | S13: 0.00011508822 | T13: -2.54078e-05 | U13: -9.3190344e-05 | V13: 6.9990029e-06 | W13: 1.200674e-05 | X13: -3.9418818e-05 | Y13: 5.5764236e-07 | Z13: -2.2782634e-05 | AA13: 7.1125162e-06 | AB13: -3.0265137e-05 | AC13: -4.0514008e-05 | AD13: -1.5144879e-05 | AE13: -3.4670217e-05 | AF13: -2.1016803e-05 | AG13: -2.4023955e-05 | AH13: -1.3510577e-05 | AI13: 7.6814733e-05 | AJ13: -8.161535e-05 | AK13: -2.8097116e-06 | AL13: -0.0005010095
... A37: Constant | B37: -0.4408915 | C37: -7.3527871e-05 | D37: -0.00013337219 | E37: -0.00054619839 | F37: -0.00053510337 | G37: -0.00050406504 | H37: -0.00048363888 | I37: -0.00050338362 | J37: -0.00048649865 | K37: -0.00048472343 | L37: -0.00047905486 | M37: -0.00048079185 | N37: -0.0005010095 | O37: -0.00097388101 | P37: -0.00098144036 | Q37: -0.00099825857 | R37: -0.0009583982 | S37: -0.00013348851 | T37: -0.00033482638 | U37: -0.00035542111 | V37: -7.5833832e-05 | W37: -9.8534948e-05 | X37: -0.0010607897 | Y37: -0.0010825139 | Z37: -0.00107461 | AA37: -0.0010162128 | AB37: -0.001044322 | AC37: -0.0010505392 | AD37: -0.0010598993 | AE37: -0.0010639822 | AF37: -0.0010800828 | AG37: -0.0010824759 | AH37: -0.0010721694 | AI37: -0.00045464188 | AJ37: -0.00061061325 | AK37: 1.8436909e-05 | AL37: 0.0029260232

Sheet S2b
A1: REGRESSOR | B1: COEFFICIENT | C1: careReceivedFlagL1 | D1: demMaleFlag | E1: demAge67to68 | F1: demAge69to70 | G1: demAge71to72 | H1: demAge73to74 | I1: demAge75to76 | J1: demAge77to78 | K1: demAge79to80 | L1: demAge81to82 | M1: demAge83to84 | N1: demAge85plus | O1: healthSelfRatedFair | P1: healthSelfRatedGood | Q1: healthSelfRatedVeryGood | R1: healthSelfRatedExcellent | S1: demPartnerStatusPartnered | T1: eduHighestC4Medium | U1: eduHighestC4Low | V1: yHhQuintilesMonthC5Q2 | W1: yHhQuintilesMonthC5Q3 | X1: yHhQuintilesMonthC5Q4 | Y1: yHhQuintilesMonthC5Q5 | Z1: demYear2020 | AA1: demYear2021 | AB1: demRgnUKC | AC1: demRgnUKD | AD1: demRgnUKE | AE1: demRgnUKF | AF1: demRgnUKG | AG1: demRgnUKH | AH1: demRgnUKJ | AI1: demRgnUKK | AJ1: demRgnUKL | AK1: demRgnUKM | AL1: demRgnUKN | AM1: demEthnC4Asian | AN1: demEthnC4Black | AO1: demEthnC4Other | AP1: Constant
A2: careReceivedFlagL1 | B2: 2.2181656 | C2: 0.00069643796 | D2: 3.6414725e-05 | E2: -5.0557064e-05 | F2: -7.1078652e-05 | G2: -8.9888081e-05 | H2: -8.866692e-05 | I2: -7.0963846e-05 | J2: -8.7994977e-05 | K2: -7.4330486e-05 | L2: -6.7900071e-05 | M2: -0.00013033221 | N2: -0.00012860235 | O2: 2.2798116e-05 | P2: 3.1872851e-05 | Q2: 7.0577458e-05 | R2: 0.00011542608 | S2: -1.0585398e-05 | T2: 1.2244034e-05 | U2: -1.3781796e-05 | V2: 3.1964071e-05 | W2: 3.134672e-05 | X2: 3.3120415e-05 | Y2: 4.2099025e-05 | Z2: -5.8274121e-05 | AA2: -9.028906e-06 | AB2: 5.7330779e-05 | AC2: 5.6005579e-06 | AD2: -2.4936114e-06 | AE2: 2.4064016e-05 | AF2: 5.8726108e-07 | AG2: 2.4119858e-05 | AH2: 7.7961337e-06 | AI2: -1.4478226e-05 | AJ2: -2.1957721e-05 | AK2: 4.8257749e-07 | AL2: -5.7032621e-05 | AM2: -1.3056339e-05 | AN2: -1.3830816e-05 | AO2: 5.6157079e-05 | AP2: -0.00016670048
A3: demMaleFlag | B3: -0.12752691 | C3: 3.6414725e-05 | D3: 0.00053279697 | E3: -1.7353806e-06 | F3: 3.2019554e-06 | G3: -3.1024427e-05 | H3: -1.9728672e-05 | I3: -4.2845603e-05 | J3: -3.3731384e-05 | K3: -1.8825868e-05 | L3: -5.5920246e-05 | M3: -5.0798121e-05 | N3: -7.865907e-05 | O3: 2.4171246e-05 | P3: 4.6437897e-05 | Q3: 0.00010586575 | R3: 7.3880337e-05 | S3: -0.00012949883 | T3: 5.25892e-05 | U3: 8.1260015e-05 | V3: 4.2442922e-06 | W3: 3.4583295e-06 | X3: 4.5501227e-06 | Y3: -1.0391211e-05 | Z3: 8.3324933e-06 | AA3: -4.3894907e-05 | AB3: 5.4177348e-05 | AC3: 1.3410111e-05 | AD3: 3.2234754e-05 | AE3: -1.6463008e-05 | AF3: 7.3640977e-08 | AG3: 1.749326e-05 | AH3: 4.9649028e-06 | AI3: 2.7892697e-05 | AJ3: 4.9132153e-06 | AK3: 1.1426253e-05 | AL3: -8.1854584e-06 | AM3: 2.10251e-05 | AN3: -1.7144193e-05 | AO3: -2.1189914e-05 | AP3: -0.00025024726
A4: demAge67to68 | B4: -0.13212939 | C4: -5.0557064e-05 | D4: -1.7353806e-06 | E4: 0.0024063575 | F4: 0.0011771617 | G4: 0.0011816045 | H4: 0.0011854236 | I4: 0.001182213 | J4: 0.0011913645 | K4: 0.0011895245 | L4: 0.0011915057 | M4: 0.0011925448 | N4: 0.0011875901 | O4: 3.0596272e-05 | P4: 7.6386929e-05 | Q4: 5.6491252e-05 | R4: 0.00010033082 | S4: -2.7016941e-06 | T4: 1.5643493e-05 | U4: -9.0565257e-06 | V4: -2.0828129e-05 | W4: -1.4822105e-05 | X4: 0.00011805634 | Y4: 9.9889877e-05 | Z4: 3.6271202e-06 | AA4: -0.00013148179 | AB4: -7.8872859e-05 | AC4: -6.4209665e-06 | AD4: 1.4205135e-05 | AE4: -4.2141011e-05 | AF4: -0.00011611805 | AG4: -3.6295026e-05 | AH4: 2.6836206e-05 | AI4: -9.4236133e-05 | AJ4: 3.5985286e-05 | AK4: 2.2034121e-05 | AL4: -2.5386396e-05 | AM4: 8.7430815e-05 | AN4: 4.3734546e-06 | AO4: -0.000175709 | AP4: -0.0011810686
A5: demAge69to70 | B5: -0.050951389 | C5: -7.1078652e-05 | D5: 3.2019554e-06 | E5: 0.0011771617 | F5: 0.0022542006 | G5: 0.0011951173 | H5: 0.0011965586 | I5: 0.0011937921 | J5: 0.0012054334 | K5: 0.0012103708 | L5: 0.0012187998 | M5: 0.0012301281 | N5: 0.0012320128 | O5: 2.1778089e-05 | P5: 5.7042398e-05 | Q5: 7.6284889e-05 | R5: 7.9823601e-05 | S5: 4.6622977e-05 | T5: 5.3941174e-06 | U5: -3.9481217e-05 | V5: -4.3744814e-05 | W5: -1.4964014e-05 | X5: 8.7471546e-05 | Y5: 0.00017014681 | Z5: 4.1948182e-05 | AA5: -5.1344357e-05 | AB5: -8.5450379e-05 | AC5: -6.6469943e-05 | AD5: -6.0753064e-05 | AE5: -6.6116736e-05 | AF5: -9.6191031e-05 | AG5: -7.5674049e-05 | AH5: -5.2510779e-05 | AI5: -8.250482e-05 | AJ5: -2.07832e-05 | AK5: -2.5827031e-05 | AL5: -3.8432056e-05 | AM5: 0.00010058777 | AN5: 2.3724194e-05 | AO5: -8.8391748e-05 | AP5: -0.0011729306
A6: demAge71to72 | B6: -0.032245555 | C6: -8.9888081e-05 | D6: -3.1024427e-05 | E6: 0.0011816045 | F6: 0.0011951173 | G6: 0.0022893437 | H6: 0.0012022553 | I6: 0.0011997015 | J6: 0.001211994 | K6: 0.0012167587 | L6: 0.0012228188 | M6: 0.0012137437 | N6: 0.0012138146 | O6: 4.1603868e-05 | P6: 7.9813804e-05 | Q6: 7.4508538e-05 | R6: 0.00023987495 | S6: 1.6877444e-05 | T6: 3.8998457e-05 | U6: 3.1306076e-06 | V6: -8.7743722e-05 | W6: -5.8221219e-05 | X6: 7.613536e-05 | Y6: 0.0001788469 | Z6: 1.9244914e-05 | AA6: -0.00010872782 | AB6: -6.4351857e-05 | AC6: -7.8736016e-05 | AD6: -4.3251648e-05 | AE6: -8.8960141e-05 | AF6: -0.00014594423 | AG6: -4.0679977e-05 | AH6: -1.6604031e-05 | AI6: -0.00012262356 | AJ6: -3.7345277e-05 | AK6: -6.9760213e-05 | AL6: -4.2188938e-05 | AM6: 4.3996151e-05 | AN6: 1.7400514e-05 | AO6: -8.5991344e-05 | AP6: -0.0011382895
A7: demAge73to74 | B7: -0.021038734 | C7: -8.866692e-05 | D7: -1.9728672e-05 | E7: 0.0011854236 | F7: 0.0011965586 | G7: 0.0012022553 | H7: 0.0023648499 | I7: 0.0012095299 | J7: 0.0012247743 | K7: 0.0012326156 | L7: 0.0012383894 | M7: 0.0012248058 | N7: 0.0012402687 | O7: -3.0266544e-05 | P7: 4.0302364e-05 | Q7: 3.8430951e-05 | R7: 0.00010961196 | S7: 5.2786523e-05 | T7: 1.1796172e-05 | U7: -5.9547113e-05 | V7: -7.84015e-05 | W7: -4.2108941e-05 | X7: 9.6857305e-05 | Y7: 9.6517788e-05 | Z7: -7.8072786e-05 | AA7: -0.00014729272 | AB7: 3.3282276e-05 | AC7: -7.3500475e-05 | AD7: -1.8692218e-05 | AE7: -4.2320067e-05 | AF7: -0.00014911457 | AG7: -4.4248172e-05 | AH7: 5.8151446e-06 | AI7: -5.8545917e-05 | AJ7: -2.0894357e-05 | AK7: -1.8714854e-05 | AL7: -5.1774114e-07 | AM7: 0.0001596067 | AN7: 4.1655637e-05 | AO7: -0.00019699016 | AP7: -0.0011073635
A8: demAge75to76 | B8: 0.11811801 | C8: -7.0963846e-05 | D8: -4.2845603e-05 | E8: 0.001182213 | F8: 0.0011937921 | G8: 0.0011997015 | H8: 0.0012095299 | I8: 0.0024521605 | J8: 0.0012264256 | K8: 0.0012349709 | L8: 0.0012458851 | M8: 0.0012357762 | N8: 0.0012582188 | O8: -4.0267264e-05 | P8: -1.3914254e-05 | Q8: -2.2701766e-05 | R8: -1.0911539e-05 | S8: 8.8053998e-05 | T8: -2.0478409e-06 | U8: -7.7694916e-05 | V8: -9.4275753e-05 | W8: -3.919901e-05 | X8: 8.2845619e-05 | Y8: 7.2067934e-05 | Z8: -3.8637855e-05 | AA8: -0.0001217753 | AB8: 6.0709173e-05 | AC8: 3.9298475e-05 | AD8: 5.025477e-05 | AE8: 3.6109478e-05 | AF8: -5.462951e-05 | AG8: 4.0278155e-06 | AH8: 6.9370364e-05 | AI8: -2.1726922e-05 | AJ8: 3.1569562e-05 | AK8: 9.0801118e-05 | AL8: 3.9567476e-05 | AM8: 0.00011352607 | AN8: 1.7811561e-05 | AO8: -0.00010505703 | AP8: -0.001139466
A9: demAge77to78 | B9: 0.17611269 | C9: -8.7994977e-05 | D9: -3.3731384e-05 | E9: 0.0011913645 | F9: 0.0012054334 | G9: 0.001211994 | H9: 0.0012247743 | I9: 0.0012264256 | J9: 0.0026446761 | K9: 0.0012489799 | L9: 0.001253275 | M9: 0.0012424773 | N9: 0.0012603938 | O9: -1.2978493e-05 | P9: -1.9295115e-05 | Q9: 4.022627e-05 | R9: 5.7639739e-05 | S9: 4.7956595e-05 | T9: 3.8506524e-05 | U9: -4.8237521e-05 | V9: -0.00010736659 | W9: -3.0047392e-05 | X9: 0.00012206653 | Y9: 0.00012922138 | Z9: -4.9323078e-05 | AA9: -0.00015512822 | AB9: -3.8952883e-05 | AC9: -1.6778608e-05 | AD9: -9.2416618e-05 | AE9: -4.4870708e-05 | AF9: -0.00015220477 | AG9: -4.8447999e-05 | AH9: -4.7489012e-05 | AI9: -0.0001216851 | AJ9: -6.2103723e-05 | AK9: -3.7082998e-05 | AL9: -3.3377018e-05 | AM9: 6.1770585e-05 | AN9: -0.00010464023 | AO9: -0.0002166079 | AP9: -0.0010757258
A10: demAge79to80 | B10: 0.23294455 | C10: -7.4330486e-05 | D10: -1.8825868e-05 | E10: 0.0011895245 | F10: 0.0012103708 | G10: 0.0012167587 | H10: 0.0012326156 | I10: 0.0012349709 | J10: 0.0012489799 | K10: 0.0029085969 | L10: 0.0012747278 | M10: 0.0012650508 | N10: 0.0012899298 | O10: -5.8887196e-05 | P10: -3.7187759e-05 | Q10: -2.0992029e-05 | R10: 7.837296e-05 | S10: 0.00011262567 | T10: -5.7457338e-06 | U10: -0.00010689447 | V10: -0.0001575724 | W10: -6.5720501e-05 | X10: 7.2479117e-05 | Y10: 8.4902963e-05 | Z10: -4.2964645e-05 | AA10: -0.00013224594 | AB10: 4.5069295e-05 | AC10: -6.9039783e-05 | AD10: -3.1288312e-05 | AE10: -3.2359389e-05 | AF10: -0.00013229502 | AG10: -5.8420182e-05 | AH10: 4.85535e-06 | AI10: -0.00011882501 | AJ10: -5.031492e-05 | AK10: -3.4897767e-05 | AL10: -5.2370831e-05 | AM10: 8.8746106e-06 | AN10: -8.5303432e-05 | AO10: -0.00019065055 | AP10: -0.0010420752
A11: demAge81to82 | B11: 0.30934154 | C11: -6.7900071e-05 | D11: -5.5920246e-05 | E11: 0.0011915057 | F11: 0.0012187998 | G11: 0.0012228188 | H11: 0.0012383894 | I11: 0.0012458851 | J11: 0.001253275 | K11: 0.0012747278 | L11: 0.0034432209 | M11: 0.0012848487 | N11: 0.0013084367 | O11: -0.00015347596 | P11: -0.00013145693 | Q11: -5.41781e-05 | R11: 0.00017003208 | S11: 0.00011813535 | T11: 4.6426235e-05 | U11: -9.1163707e-05 | V11: -6.2788663e-05 | W11: -1.3800966e-05 | X11: 0.0001697731 | Y11: 0.00016750787 | Z11: -5.9454827e-05 | AA11: -4.6913643e-05 | AB11: 0.00011718866 | AC11: -0.00010411506 | AD11: -0.00012563563 | AE11: -8.4629985e-05 | AF11: -0.00022026006 | AG11: -0.00011589637 | AH11: -0.00011249651 | AI11: -0.00018489775 | AJ11: -9.7498029e-05 | AK11: -8.5500201e-05 | AL11: -0.00010250553 | AM11: 2.5258964e-05 | AN11: -5.9159915e-05 | AO11: -0.0001851419 | AP11: -0.0010184515
A12: demAge83to84 | B12: 0.36060264 | C12: -0.00013033221 | D12: -5.0798121e-05 | E12: 0.0011925448 | F12: 0.0012301281 | G12: 0.0012137437 | H12: 0.0012248058 | I12: 0.0012357762 | J12: 0.0012424773 | K12: 0.0012650508 | L12: 0.0012848487 | M12: 0.0041022046 | N12: 0.0012887969 | O12: -4.7720865e-05 | P12: 2.2018142e-05 | Q12: 1.4428199e-05 | R12: 9.8651237e-05 | S12: 0.00013796594 | T12: 2.6260352e-05 | U12: -4.7996171e-05 | V12: -0.00013938148 | W12: -0.00010055349 | X12: 5.0816606e-05 | Y12: 3.9792835e-05 | Z12: 3.2898684e-05 | AA12: 5.302448e-05 | AB12: 0.00012146721 | AC12: -8.3826723e-06 | AD12: -7.6962659e-05 | AE12: -5.7484106e-05 | AF12: -3.1499848e-05 | AG12: -0.0001159597 | AH12: -5.2729442e-05 | AI12: -6.1242627e-05 | AJ12: -6.9185164e-05 | AK12: -2.0749368e-05 | AL12: -6.5570242e-05 | AM12: 2.7061142e-05 | AN12: -3.3598159e-05 | AO12: -0.00019711667 | AP12: -0.0011417784
A13: demAge85plus | B13: 0.53110232 | C13: -0.00012860235 | D13: -7.865907e-05 | E13: 0.0011875901 | F13: 0.0012320128 | G13: 0.0012138146 | H13: 0.0012402687 | I13: 0.0012582188 | J13: 0.0012603938 | K13: 0.0012899298 | L13: 0.0013084367 | M13: 0.0012887969 | N13: 0.0024749653 | O13: -9.7574555e-05 | P13: -0.0001132346 | Q13: -6.8374972e-05 | R13: -9.5900471e-05 | S13: 0.00025114024 | T13: -1.0366317e-05 | U13: -0.00013149912 | V13: -8.5396822e-05 | W13: -4.1091962e-05 | X13: 7.9297111e-05 | Y13: 9.7670791e-05 | Z13: -1.606425e-05 | AA13: -7.2475971e-05 | AB13: -0.00011268795 | AC13: -6.4814821e-05 | AD13: -0.00010419148 | AE13: -2.1243469e-05 | AF13: -0.00019337826 | AG13: -8.4158048e-05 | AH13: -2.3779323e-05 | AI13: -0.0001671789 | AJ13: -6.279662e-05 | AK13: -5.6072583e-05 | AL13: -7.9302639e-05 | AM13: 8.1720764e-05 | AN13: -7.2758776e-05 | AO13: -0.00020963635 | AP13: -0.001062764
... A41: Constant | B41: -0.83951647 | C41: -0.00016670048 | D41: -0.00025024726 | E41: -0.0011810686 | F41: -0.0011729306 | G41: -0.0011382895 | H41: -0.0011073635 | I41: -0.001139466 | J41: -0.0010757258 | K41: -0.0010420752 | L41: -0.0010184515 | M41: -0.0011417784 | N41: -0.001062764 | O41: -0.0014069079 | P41: -0.0013690446 | Q41: -0.0013997813 | R41: -0.0013231035 | S41: -0.00013263713 | T41: -0.00099984664 | U41: -0.0011560534 | V41: -0.00060911236 | W41: -0.00075985563 | X41: -0.0011645045 | Y41: -0.0012310058 | Z41: -0.00020197751 | AA41: -0.00012503987 | AB41: -0.0025033826 | AC41: -0.0024668318 | AD41: -0.0024704705 | AE41: -0.0023210078 | AF41: -0.0023712612 | AG41: -0.0024261153 | AH41: -0.0024391376 | AI41: -0.0023996934 | AJ41: -0.0024441011 | AK41: -0.0025253855 | AL41: -0.0024811321 | AM41: -0.0014398125 | AN41: -0.0015561798 | AO41: -0.00052127625 | AP41: 0.006555914

Sheet S2c_raw
A1: CATEGORY | B1: REGRESSOR | C1: COEFFICIENT
A2: Informal | B2: o.careMarketFormalL1 | C2: 0
A3: Informal | B3: o.careMarketInformalL1 | C3: 0
A4: Informal | B4: o.careMarketMixedL1 | C4: 0
A5: Informal | B5: o.demMaleFlag | C5: 0
A6: Informal | B6: o.demAge67to68 | C6: 0
A7: Informal | B7: o.demAge69to70 | C7: 0
A8: Informal | B8: o.demAge71to72 | C8: 0
A9: Informal | B9: o.demAge73to74 | C9: 0
A10: Informal | B10: o.demAge75to76 | C10: 0
A11: Informal | B11: o.demAge77to78 | C11: 0
A12: Informal | B12: o.demAge79to80 | C12: 0
A13: Informal | B13: o.demAge81to82 | C13: 0
... A127: Formal | B127: _cons | C127: -0.96075646

Sheet S2c
A1: REGRESSOR | B1: COEFFICIENT | C1: careMarketFormalL1_Mixed | D1: careMarketInformalL1_Mixed | E1: careMarketMixedL1_Mixed | F1: demMaleFlag_Mixed | G1: demAge67to68_Mixed | H1: demAge69to70_Mixed | I1: demAge71to72_Mixed | J1: demAge73to74_Mixed | K1: demAge75to76_Mixed | L1: demAge77to78_Mixed | M1: demAge79to80_Mixed | N1: demAge81to82_Mixed | O1: demAge83to84_Mixed | P1: demAge85plus_Mixed | Q1: healthSelfRatedFair_Mixed | R1: healthSelfRatedGood_Mixed | S1: healthSelfRatedVeryGood_Mixed | T1: healthSelfRatedExcellent_Mixed | U1: demPartnerStatusPartnered_Mixed | V1: eduHighestC4Medium_Mixed | W1: eduHighestC4Low_Mixed | X1: yHhQuintilesMonthC5Q2_Mixed | Y1: yHhQuintilesMonthC5Q3_Mixed | Z1: yHhQuintilesMonthC5Q4_Mixed | AA1: yHhQuintilesMonthC5Q5_Mixed | AB1: demYear2020_Mixed | AC1: demYear2021_Mixed | AD1: demRgnUKC_Mixed | AE1: demRgnUKD_Mixed | AF1: demRgnUKE_Mixed | AG1: demRgnUKF_Mixed | AH1: demRgnUKG_Mixed | AI1: demRgnUKH_Mixed | AJ1: demRgnUKJ_Mixed | AK1: demRgnUKK_Mixed | AL1: demRgnUKL_Mixed | AM1: demRgnUKM_Mixed | AN1: demRgnUKN_Mixed | AO1: demEthnC4Asian_Mixed | AP1: demEthnC4Black_Mixed | AQ1: demEthnC4Other_Mixed | AR1: Constant_Mixed | AS1: careMarketFormalL1_Formal | AT1: careMarketInformalL1_Formal | AU1: careMarketMixedL1_Formal | AV1: demMaleFlag_Formal | AW1: demAge67to68_Formal | AX1: demAge69to70_Formal | AY1: demAge71to72_Formal | AZ1: demAge73to74_Formal | BA1: demAge75to76_Formal | BB1: demAge77to78_Formal | BC1: demAge79to80_Formal | BD1: demAge81to82_Formal | BE1: demAge83to84_Formal | BF1: demAge85plus_Formal | BG1: healthSelfRatedFair_Formal | BH1: healthSelfRatedGood_Formal | BI1: healthSelfRatedVeryGood_Formal | BJ1: healthSelfRatedExcellent_Formal | BK1: demPartnerStatusPartnered_Formal | BL1: eduHighestC4Medium_Formal | BM1: eduHighestC4Low_Formal | BN1: yHhQuintilesMonthC5Q2_Formal | BO1: yHhQuintilesMonthC5Q3_Formal | BP1: yHhQuintilesMonthC5Q4_Formal | BQ1: yHhQuintilesMonthC5Q5_Formal | BR1: demYear2020_Formal | BS1: demYear2021_Formal | BT1: demRgnUKC_Formal | BU1: demRgnUKD_Formal | BV1: demRgnUKE_Formal | BW1: demRgnUKF_Formal | BX1: demRgnUKG_Formal | BY1: demRgnUKH_Formal | BZ1: demRgnUKJ_Formal | CA1: demRgnUKK_Formal | CB1: demRgnUKL_Formal | CC1: demRgnUKM_Formal | CD1: demRgnUKN_Formal | CE1: demEthnC4Asian_Formal | CF1: demEthnC4Black_Formal | CG1: demEthnC4Other_Formal | CH1: Constant_Formal
A2: careMarketFormalL1_Mixed | B2: 1.2882068 | C2: 0.043231651 | D2: 0.0053946808 | E2: 0.0051403454 | F2: 0.00010427315 | G2: -0.00021993938 | H2: -0.0018645217 | I2: -0.0020541403 | J2: -0.0003571186 | K2: -0.0035552266 | L2: -0.0024896578 | M2: -0.0024045829 | N2: -0.00095026769 | O2: -0.0026139553 | P2: -0.0035880704 | Q2: 0.001453968 | R2: 0.0019349739 | S2: 0.0014992083 | T2: 0.0025876088 | U2: 0.00073994369 | V2: 0.0006418005 | W2: 0.00042500064 | X2: 0.00051806998 | Y2: 0.00084151354 | Z2: 0.0017054435 | AA2: 0.00020000076 | AB2: -0.0016449181 | AC2: -0.00021058282 | AD2: 0.0010574802 | AE2: 0.0023723218 | AF2: 0.0016098264 | AG2: 0.0022077637 | AH2: 0.0015310031 | AI2: 0.0016945269 | AJ2: 0.0016137497 | AK2: 0.0015657441 | AL2: 0.0020226957 | AM2: 0.0013709984 | AN2: 0.00090770463 | AO2: 0.0014056279 | AP2: -0.0033556475 | AQ2: 0.0023879061 | AR2: -0.0069328854 | AS2: 0.021465901 | AT2: 0.00052317339 | AU2: 0.00037939555 | AV2: 0.00059432744 | AW2: -0.0018448064 | AX2: -0.00042582076 | AY2: -0.0023864564 | AZ2: -0.003046529 | BA2: -0.0016535512 | BB2: -0.00093350681 | BC2: -4.4266453e-05 | BD2: -0.004774274 | BE2: -0.0019889818 | BF2: -0.00027233753 | BG2: -0.00018688149 | BH2: 0.0016152351 | BI2: -0.00053911915 | BJ2: 0.011864548 | BK2: -0.00057142173 | BL2: -6.9612235e-05 | BM2: -0.00038969782 | BN2: 0.00015501277 | BO2: -0.003030438 | BP2: -0.0019202241 | BQ2: -0.00074889691 | BR2: -0.0011396846 | BS2: -0.0020130172 | BT2: -0.0077019078 | BU2: -0.0021143847 | BV2: -0.00056358862 | BW2: -0.0038936765 | BX2: -0.004445775 | BY2: -0.00031922516 | BZ2: -0.0041977246 | CA2: -0.00030062379 | CB2: -0.0041504731 | CC2: -0.0021974254 | CD2: -0.0030162663 | CE2: -0.00013836613 | CF2: -0.0066251896 | CG2: 0.00024101339 | CH2: 0.0036224691
A3: careMarketInformalL1_Mixed | B3: -1.2997993 | C3: 0.0053946808 | D3: 0.011769462 | E3: 0.0051919759 | F3: 0.00012571691 | G3: 0.00063055265 | H3: -3.6411195e-05 | I3: 4.1643355e-05 | J3: -0.0013433683 | K3: -0.0016368725 | L3: -0.0019474116 | M3: -0.0019819147 | N3: -0.0028534232 | O3: -0.0017984792 | P3: -0.0028100185 | Q3: 0.00093425222 | R3: 0.0016476112 | S3: 0.0014712549 | T3: 0.00047943216 | U3: 0.00021969575 | V3: -0.00074119351 | W3: -0.0017373093 | X3: 0.0014234817 | Y3: 0.0013460187 | Z3: 1.4061097e-05 | AA3: -0.00067292735 | AB3: -0.0015414414 | AC3: 0.0005477043 | AD3: 0.0014636627 | AE3: 0.0011244881 | AF3: 0.0012416416 | AG3: -0.00058218168 | AH3: -2.4072646e-05 | AI3: 0.00017979607 | AJ3: 0.00026547321 | AK3: 0.00075178446 | AL3: -7.6448492e-05 | AM3: -0.00058107078 | AN3: -0.00048821206 | AO3: 2.7970184e-05 | AP3: -0.00021452073 | AQ3: 0.0010761589 | AR3: -0.0045615769 | AS3: 0.001171542 | AT3: 0.0019420227 | AU3: 0.0010504827 | AV3: 6.3305679e-05 | AW3: -0.00010331295 | AX3: -5.338899e-05 | AY3: -9.2689422e-05 | AZ3: -0.0007199232 | BA3: -0.00050100624 | BB3: -0.00043949782 | BC3: -0.00057957499 | BD3: -0.00096636245 | BE3: -0.00047572166 | BF3: -0.00093393989 | BG3: 0.00031468225 | BH3: 0.0004999897 | BI3: 0.00051327394 | BJ3: 0.0010408047 | BK3: 0.00036482566 | BL3: -0.0003006164 | BM3: -0.00049260828 | BN3: 0.00010612306 | BO3: 0.00016083157 | BP3: -0.00073287386 | BQ3: -0.00038808488 | BR3: -0.00042509218 | BS3: 0.00030063208 | BT3: 0.00054598636 | BU3: 0.00053208915 | BV3: 0.00021445507 | BW3: -0.00017833734 | BX3: 5.8846246e-05 | BY3: -9.3942801e-05 | BZ3: 0.00021651105 | CA3: 0.0002118517 | CB3: -0.00017026689 | CC3: -0.0001875041 | CD3: -0.00049871707 | CE3: -0.00013826944 | CF3: 8.3689089e-05 | CG3: -0.00015953872 | CH3: -0.00077221851
A4: careMarketMixedL1_Mixed | B4: 3.0061834 | C4: 0.0051403454 | D4: 0.0051919759 | E4: 0.01547645 | F4: -0.00014900964 | G4: -0.0017970738 | H4: -0.00088776287 | I4: -0.0018034936 | J4: -0.0010785289 | K4: -0.001394385 | L4: -0.0021409994 | M4: -0.0017559541 | N4: -0.0010946813 | O4: -0.00057899077 | P4: -0.0021315359 | Q4: 0.000814685 | R4: 0.00054065387 | S4: 0.00057484221 | T4: -0.0017057096 | U4: -0.00018584789 | V4: -0.00093819152 | W4: -0.0017297059 | X4: 0.0014678087 | Y4: 0.0015131069 | Z4: 0.0011730188 | AA4: -6.0645062e-05 | AB4: -0.0020610891 | AC4: 7.6747208e-05 | AD4: 0.0002977066 | AE4: -0.00019926923 | AF4: 2.74466e-07 | AG4: -0.00043720824 | AH4: 4.3497965e-05 | AI4: 0.00029796244 | AJ4: 0.00060342418 | AK4: -0.00063926163 | AL4: -0.00045710957 | AM4: -0.0010040912 | AN4: -0.0013541068 | AO4: -0.00051054623 | AP4: 0.001028415 | AQ4: -0.00025564256 | AR4: -0.0033560856 | AS4: 0.0010349208 | AT4: 0.0010956861 | AU4: 0.0097246261 | AV4: -0.00011416836 | AW4: -0.00077325021 | AX4: -0.00044463986 | AY4: -0.00070797568 | AZ4: -0.0004170918 | BA4: -0.00037792563 | BB4: -0.00058625133 | BC4: -0.00068544329 | BD4: -0.00013171926 | BE4: 0.00016390928 | BF4: -0.00062050405 | BG4: 0.00045921821 | BH4: 0.00021593217 | BI4: 0.00016515276 | BJ4: 0.00030346032 | BK4: 0.00012804303 | BL4: -0.00034993321 | BM4: -0.00058582344 | BN4: 0.00022013466 | BO4: 0.00036839079 | BP4: -0.00011845628 | BQ4: -0.00012035023 | BR4: -0.00077160092 | BS4: 0.0001988442 | BT4: -0.00038443349 | BU4: -0.00035950367 | BV4: -0.00056330217 | BW4: -0.00050746433 | BX4: -6.5099816e-05 | BY4: -0.00032337634 | BZ4: 0.00011355886 | CA4: -0.00066435562 | CB4: -0.00061455388 | CC4: -0.00063840801 | CD4: -0.00099018669 | CE4: -0.0005566352 | CF4: 0.00068841947 | CG4: -0.00076467438 | CH4: -0.00013070251
A5: demMaleFlag_Mixed | B5: -0.1764564 | C5: 0.00010427315 | D5: 0.00012571691 | E5: -0.00014900964 | F5: 0.0087254067 | G5: -0.00050997048 | H5: 8.6087656e-05 | I5: 0.00029294222 | J5: 0.00038709125 | K5: -2.7116922e-05 | L5: -0.00027907104 | M5: -0.00088343861 | N5: -0.0018564324 | O5: -0.00067251423 | P5: -0.00076550452 | Q5: 0.00093757444 | R5: 0.0010339667 | S5: 0.0013203745 | T5: -0.00059622366 | U5: -0.0017199465 | V5: 0.00071741363 | W5: 0.0013903275 | X5: 0.0002645993 | Y5: 0.00017899795 | Z5: 0.00012356533 | AA5: 0.00014946934 | AB5: -0.0003541701 | AC5: -0.0001154798 | AD5: 0.00078736817 | AE5: 0.0010556337 | AF5: 0.00041705667 | AG5: 0.00029127545 | AH5: 0.001176881 | AI5: 0.00032478686 | AJ5: -0.00020328693 | AK5: 0.00065175212 | AL5: 0.00064451677 | AM5: 0.00017347089 | AN5: 0.00018845413 | AO5: -1.8073199e-05 | AP5: 2.0800991e-05 | AQ5: 0.001990577 | AR5: -0.0043467786 | AS5: 2.8350964e-05 | AT5: 0.00028036298 | AU5: -0.00058302663 | AV5: 0.0029144575 | AW5: -0.001067191 | AX5: -0.0007336335 | AY5: -0.00014145808 | AZ5: -0.00022507422 | BA5: -0.00015704098 | BB5: -0.00077245476 | BC5: -0.00025449599 | BD5: -0.0012155185 | BE5: -0.00033684275 | BF5: -0.00029427611 | BG5: 0.00030601257 | BH5: -0.00017408998 | BI5: 5.6606835e-05 | BJ5: 9.0703032e-05 | BK5: -0.00033728273 | BL5: -0.00011309886 | BM5: 0.00021401518 | BN5: -0.00011260717 | BO5: -0.00025976831 | BP5: -0.00034570048 | BQ5: -0.00022071085 | BR5: 0.00021661644 | BS5: 0.00031682982 | BT5: 0.00057904351 | BU5: 0.00070292111 | BV5: -0.00036207248 | BW5: -4.263255e-05 | BX5: 0.00033677156 | BY5: 0.00048349514 | BZ5: 0.00037120944 | CA5: 0.00035227734 | CB5: 0.00046003172 | CC5: 0.00017271622 | CD5: 0.00044917131 | CE5: -0.00023999389 | CF5: 0.00036976857 | CG5: 0.00089534613 | CH5: -0.00089352528
A6: demAge67to68_Mixed | B6: -0.33236079 | C6: -0.00021993938 | D6: 0.00063055265 | E6: -0.0017970738 | F6: -0.00050997048 | G6: 0.063875119 | H6: 0.03146254 | I6: 0.031956518 | J6: 0.031491279 | K6: 0.031801773 | L6: 0.031941302 | M6: 0.032014993 | N6: 0.032295201 | O6: 0.032252606 | P6: 0.032850285 | Q6: -0.00094314074 | R6: -0.0010649452 | S6: -0.0015308762 | T6: -0.00015512247 | U6: 0.002349615 | V6: 0.00030946681 | W6: -0.00057992045 | X6: -5.2375726e-05 | Y6: 0.00057008125 | Z6: 0.00046164584 | AA6: 0.00049969226 | AB6: 0.00057247123 | AC6: 0.00062719164 | AD6: 0.0043587135 | AE6: 0.0017192212 | AF6: 0.0035380887 | AG6: 0.0020207352 | AH6: 3.6671473e-05 | AI6: 0.00032306665 | AJ6: -0.0002338703 | AK6: 0.00086347745 | AL6: 0.0024810695 | AM6: 0.0033002776 | AN6: 0.0017890171 | AO6: 0.0022393505 | AP6: 0.0046339811 | AQ6: 0.004715338 | AR6: -0.033737726 | AS6: -0.00063733686 | AT6: -0.00078363468 | AU6: -0.0020738551 | AV6: -0.00095622472 | AW6: 0.014665951 | AX6: 0.0069134484 | AY6: 0.0070640828 | AZ6: 0.0068055553 | BA6: 0.0069962182 | BB6: 0.0069726658 | BC6: 0.0068820227 | BD6: 0.0070599723 | BE6: 0.0070985926 | BF6: 0.0075816282 | BG6: -0.0010404353 | BH6: -0.0011580128 | BI6: -0.00062528799 | BJ6: -0.00095849712 | BK6: 0.0013901837 | BL6: 0.00063233962 | BM6: -3.7952322e-05 | BN6: -0.00025700484 | BO6: -0.00015593087 | BP6: -0.0011828958 | BQ6: -0.00018119945 | BR6: 0.0012508061 | BS6: 0.00026249165 | BT6: 0.0031591546 | BU6: 0.0014020092 | BV6: 0.0022186112 | BW6: 0.0023930581 | BX6: 0.00062115831 | BY6: 0.0026888769 | BZ6: 0.00039728959 | CA6: 0.0017857223 | CB6: 0.0020541974 | CC6: 0.0019664701 | CD6: 0.0018683468 | CE6: 0.0014090692 | CF6: 0.0022382119 | CG6: -0.00012861278 | CH6: -0.0080165179
A7: demAge69to70_Mixed | B7: 0.11943924 | C7: -0.0018645217 | D7: -3.6411195e-05 | E7: -0.00088776287 | F7: 8.6087656e-05 | G7: 0.03146254 | H7: 0.061776392 | I7: 0.032901786 | J7: 0.032310423 | K7: 0.033125777 | L7: 0.03312133 | M7: 0.032872902 | N7: 0.034107422 | O7: 0.034154846 | P7: 0.03451415 | Q7: -0.0038448348 | R7: -0.0045489103 | S7: -0.0044550916 | T7: -0.0038838357 | U7: 0.0014219297 | V7: -0.00753587 | W7: -0.0071509149 | X7: -1.7694585e-05 | Y7: -0.00093716158 | Z7: 0.0007519938 | AA7: -0.0010274049 | AB7: -0.00030190602 | AC7: 0.0060759381 | AD7: 0.0072504468 | AE7: 0.0052146525 | AF7: 0.0039703022 | AG7: 0.0015684109 | AH7: 0.0020422151 | AI7: 0.0010143389 | AJ7: -0.00044804932 | AK7: 0.00039132909 | AL7: 0.0029694989 | AM7: 0.0027842807 | AN7: 0.0030962623 | AO7: 0.00026201979 | AP7: 0.005526845 | AQ7: 0.0054772714 | AR7: -0.027177449 | AS7: -0.00067389225 | AT7: -0.00041470838 | AU7: -0.0013064404 | AV7: -0.00056049019 | AW7: 0.0071436512 | AX7: 0.015389521 | AY7: 0.0073331879 | AZ7: 0.0072018566 | BA7: 0.0072347426 | BB7: 0.0071923121 | BC7: 0.0071072373 | BD7: 0.0075968105 | BE7: 0.0076860827 | BF7: 0.0076302855 | BG7: -0.0011696573 | BH7: -0.0018117904 | BI7: -0.0012381344 | BJ7: -0.0016667121 | BK7: 0.0011854402 | BL7: -0.0026317847 | BM7: -0.0024695091 | BN7: -0.00023353244 | BO7: -0.00058625854 | BP7: -0.00029114341 | BQ7: -0.0012395748 | BR7: 0.00090124663 | BS7: 0.0022163231 | BT7: 0.0032838787 | BU7: 0.0027088049 | BV7: 0.0016313355 | BW7: 0.0018888554 | BX7: 0.0017888254 | BY7: 0.0016630493 | BZ7: 0.00064826212 | CA7: 0.0011734286 | CB7: 0.0018973786 | CC7: 0.00180233 | CD7: 0.0027409373 | CE7: -0.00045044868 | CF7: 0.0030292258 | CG7: 0.00088109861 | CH7: -0.0060081741
A8: demAge71to72_Mixed | B8: 0.06841487 | C8: -0.0020541403 | D8: 4.1643355e-05 | E8: -0.0018034936 | F8: 0.00029294222 | G8: 0.031956518 | H8: 0.032901786 | I8: 0.055516418 | J8: 0.033001331 | K8: 0.033735727 | L8: 0.033476216 | M8: 0.033949084 | N8: 0.034302755 | O8: 0.034103938 | P8: 0.034399167 | Q8: -0.0041822747 | R8: -0.0037581961 | S8: -0.0030524323 | T8: -0.0060547365 | U8: 0.0010219917 | V8: 0.00075954112 | W8: -0.00075750881 | X8: -0.0029835848 | Y8: 6.4985318e-05 | Z8: 0.0013826696 | AA8: -0.00018146477 | AB8: -0.001325321 | AC8: 0.0036135778 | AD8: -0.00059681758 | AE8: -0.0001175259 | AF8: -0.0032375605 | AG8: -0.0031341658 | AH8: -0.0017805001 | AI8: -0.0042592463 | AJ8: -0.0052823001 | AK8: -0.0034398732 | AL8: -0.0014669631 | AM8: -0.0020328275 | AN8: -0.002183517 | AO8: -0.00033659814 | AP8: 0.0018576706 | AQ8: 0.0032917754 | AR8: -0.027084208 | AS8: -0.0011390439 | AT8: -0.001011093 | AU8: -0.00055674503 | AV8: 7.0069623e-05 | AW8: 0.0069485945 | AX8: 0.0070459597 | AY8: 0.01450969 | AZ8: 0.0072128885 | BA8: 0.0073004656 | BB8: 0.0070336454 | BC8: 0.0071546947 | BD8: 0.0075806041 | BE8: 0.0074116391 | BF8: 0.0073247657 | BG8: -0.0014805934 | BH8: -0.0015055445 | BI8: -0.0008867653 | BJ8: -0.0032213942 | BK8: 0.00057360357 | BL8: 0.00028719953 | BM8: -0.00019140723 | BN8: -0.00066588773 | BO8: 8.9321526e-05 | BP8: 0.00084218597 | BQ8: -0.00050050371 | BR8: 0.00015594468 | BS8: 0.0011604061 | BT8: 0.0006678694 | BU8: 0.00031946178 | BV8: -0.00019464653 | BW8: 0.00024744023 | BX8: 0.00020321957 | BY8: -0.00012927734 | BZ8: -0.0012371177 | CA8: -0.00038751575 | CB8: 0.00016438305 | CC8: 2.3997251e-06 | CD8: 0.00016591586 | CE8: 0.00034282047 | CF8: 0.0011959515 | CG8: 0.001194269 | CH8: -0.0061158276
A9: demAge73to74_Mixed | B9: 0.17073813 | C9: -0.0003571186 | D9: -0.0013433683 | E9: -0.0010785289 | F9: 0.00038709125 | G9: 0.031491279 | H9: 0.032310423 | I9: 0.033001331 | J9: 0.058702365 | K9: 0.03311268 | L9: 0.033394246 | M9: 0.033506143 | N9: 0.033839651 | O9: 0.033558985 | P9: 0.034163402 | Q9: -0.0021922256 | R9: -0.0038014366 | S9: -0.0021352229 | T9: -0.0035862138 | U9: 0.001047669 | V9: -0.00023196279 | W9: -0.0004739713 | X9: -0.0024943151 | Y9: 0.00084841252 | Z9: 0.00075345282 | AA9: 0.001667506 | AB9: -0.0013861572 | AC9: 0.00052544324 | AD9: -1.3431621e-05 | AE9: 0.0013279044 | AF9: 0.0016371585 | AG9: 0.0011697474 | AH9: -0.00031562996 | AI9: -5.2470347e-05 | AJ9: -0.0018017763 | AK9: -0.00019020167 | AL9: 0.0019019546 | AM9: 0.0005210879 | AN9: 0.00086053355 | AO9: 0.0013770761 | AP9: 0.0036983445 | AQ9: 0.005032566 | AR9: -0.030014944 | AS9: -0.00052009949 | AT9: -0.0016767494 | AU9: 0.00098285761 | AV9: -0.00017399657 | AW9: 0.0068075076 | AX9: 0.0070599629 | AY9: 0.0071886071 | AZ9: 0.016293828 | BA9: 0.0071305256 | BB9: 0.0068578042 | BC9: 0.0069281744 | BD9: 0.0072860891 | BE9: 0.0070494302 | BF9: 0.0069897337 | BG9: -0.00069713602 | BH9: -0.0012276625 | BI9: 0.00015209314 | BJ9: -0.0011432915 | BK9: -0.00028611269 | BL9: -6.0607473e-05 | BM9: 0.00023670304 | BN9: -0.0007275269 | BO9: -0.0003211983 | BP9: 0.00083940937 | BQ9: 0.00047160991 | BR9: 0.00014156542 | BS9: -0.0003092616 | BT9: 0.00016335291 | BU9: 0.00014692666 | BV9: 0.00034992505 | BW9: 0.00045418727 | BX9: -0.00051115846 | BY9: 0.00073779026 | BZ9: -0.0013369137 | CA9: -0.00018695594 | CB9: 0.0007488454 | CC9: 0.00019480906 | CD9: 0.00026144859 | CE9: 0.00036335843 | CF9: 0.0012369577 | CG9: -0.00085075289 | CH9: -0.0058813824
A10: demAge75to76_Mixed | B10: 0.31008172 | C10: -0.0035552266 | D10: -0.0016368725 | E10: -0.001394385 | F10: -2.7116922e-05 | G10: 0.031801773 | H10: 0.033125777 | I10: 0.033735727 | J10: 0.03311268 | K10: 0.057334927 | L10: 0.033778934 | M10: 0.033995178 | N10: 0.034710391 | O10: 0.034367409 | P10: 0.034747714 | Q10: -0.0017728574 | R10: -0.0044107744 | S10: -0.0043150232 | T10: -0.0034075203 | U10: 0.00071455801 | V10: -0.00078035515 | W10: -0.0015597145 | X10: -0.0032100538 | Y10: -0.00090979731 | Z10: 0.00022485583 | AA10: 0.0017003268 | AB10: -0.00047823188 | AC10: 0.0023240775 | AD10: 0.0017891842 | AE10: 0.00013448999 | AF10: 0.0010779285 | AG10: 0.00062295295 | AH10: 0.00022306018 | AI10: -0.0011644855 | AJ10: -0.0010585615 | AK10: -0.0017510818 | AL10: 0.0012581995 | AM10: 0.0012879801 | AN10: 0.00035159921 | AO10: 0.00011692552 | AP10: 0.0031965476 | AQ10: -0.00054761595 | AR10: -0.028232525 | AS10: -0.0011750758 | AT10: -0.0011331233 | AU10: -0.00013639255 | AV10: -1.7855362e-05 | AW10: 0.0069837558 | AX10: 0.0071665826 | AY10: 0.0073150895 | AZ10: 0.007320816 | BA10: 0.014477282 | BB10: 0.0070553054 | BC10: 0.0070402161 | BD10: 0.0075324222 | BE10: 0.0072936118 | BF10: 0.0071569201 | BG10: 0.00010261553 | BH10: -0.0011383351 | BI10: -0.00062867983 | BJ10: -0.0014031829 | BK10: 0.0001453084 | BL10: -0.00021233988 | BM10: -0.00073512545 | BN10: -0.00043544283 | BO10: 8.0644659e-05 | BP10: 0.0004163007 | BQ10: 0.00048462876 | BR10: 0.00060780045 | BS10: 0.0013034965 | BT10: 0.0015100199 | BU10: -0.00013582799 | BV10: 0.0011841068 | BW10: 0.00085070785 | BX10: 0.00089510445 | BY10: 0.00031441032 | BZ10: -0.0005571884 | CA10: -0.00039890908 | CB10: 0.0006738426 | CC10: 0.0005429291 | CD10: 0.00085352971 | CE10: 0.00035086038 | CF10: 0.0013811747 | CG10: -0.00099569222 | CH10: -0.006713083
A11: demAge77to78_Mixed | B11: 0.30640168 | C11: -0.0024896578 | D11: -0.0019474116 | E11: -0.0021409994 | F11: -0.00027907104 | G11: 0.031941302 | H11: 0.03312133 | I11: 0.033476216 | J11: 0.033394246 | K11: 0.033778934 | L11: 0.055995547 | M11: 0.033853231 | N11: 0.034557435 | O11: 0.034222181 | P11: 0.034883609 | Q11: -0.0015057936 | R11: -0.0040657234 | S11: -0.003956073 | T11: -0.001503823 | U11: 0.0012923399 | V11: 6.370169e-06 | W11: -0.0007096713 | X11: -0.003119813 | Y11: 0.00055483414 | Z11: -0.00014608079 | AA11: 0.0037878112 | AB11: 0.0016934368 | AC11: 0.0011992009 | AD11: 0.0015691912 | AE11: 0.0057417437 | AF11: 0.0038457451 | AG11: 0.0031521968 | AH11: 0.0015172645 | AI11: 0.0016321434 | AJ11: 0.00087094216 | AK11: 0.0012815782 | AL11: 0.0032164493 | AM11: 0.0031829722 | AN11: 0.0030769676 | AO11: 0.0031919101 | AP11: 0.0016423076 | AQ11: 0.0047106167 | AR11: -0.032232906 | AS11: -0.00082042386 | AT11: -0.00032319471 | AU11: -0.00059456387 | AV11: -0.00056171658 | AW11: 0.0069108816 | AX11: 0.0071341924 | AY11: 0.0071993828 | AZ11: 0.0071271619 | BA11: 0.0072006837 | BB11: 0.016181578 | BC11: 0.007041382 | BD11: 0.0074326581 | BE11: 0.0073741727 | BF11: 0.0072511109 | BG11: -0.00020578073 | BH11: -0.00074915639 | BI11: -0.0010833 | BJ11: 0.00056512743 | BK11: 0.00069731121 | BL11: 0.00058171854 | BM11: -0.00014972991 | BN11: -0.00079455198 | BO11: 0.00015276575 | BP11: 0.00035493296 | BQ11: 0.0013822847 | BR11: 0.0010765997 | BS11: 0.00072262022 | BT11: 0.0015310113 | BU11: 0.00090518234 | BV11: 0.0018696985 | BW11: 0.0023067573 | BX11: 0.00086535889 | BY11: 0.0014701887 | BZ11: 0.00070983996 | CA11: 0.0012178014 | CB11: 0.0013488399 | CC11: 0.0019208355 | CD11: 0.0016758333 | CE11: 0.0011922807 | CF11: 0.0016976681 | CG11: 0.00012408534 | CH11: -0.0081725184
A12: demAge79to80_Mixed | B12: 0.16318332 | C12: -0.0024045829 | D12: -0.0019819147 | E12: -0.0017559541 | F12: -0.00088343861 | G12: 0.032014993 | H12: 0.032872902 | I12: 0.033949084 | J12: 0.033506143 | K12: 0.033995178 | L12: 0.033853231 | M12: 0.054608842 | N12: 0.035061346 | O12: 0.034638622 | P12: 0.035336083 | Q12: -0.0044539585 | R12: -0.0052370882 | S12: -0.0029312087 | T12: -0.0034133725 | U12: 0.002251303 | V12: 0.00011390941 | W12: -0.0013026473 | X12: -0.0021684545 | Y12: -1.0401293e-05 | Z12: 0.0013597638 | AA12: 0.0018634314 | AB12: -0.0012564547 | AC12: 0.0022462183 | AD12: 0.0016157839 | AE12: 0.00078316488 | AF12: 0.00087552779 | AG12: -0.00023894499 | AH12: -0.00063545849 | AI12: -0.0013546784 | AJ12: -0.001836193 | AK12: -0.00099786187 | AL12: 0.00085998042 | AM12: 0.0024977439 | AN12: 0.00088103247 | AO12: 0.0015409466 | AP12: -0.00020588621 | AQ12: 0.0062435759 | AR12: -0.028831389 | AS12: -0.00055923216 | AT12: -0.0003294863 | AU12: 0.00040136119 | AV12: -0.00012909253 | AW12: 0.0069244065 | AX12: 0.0070307633 | AY12: 0.007282324 | AZ12: 0.0070359882 | BA12: 0.0071980236 | BB12: 0.0070025841 | BC12: 0.016844587 | BD12: 0.0073619357 | BE12: 0.0074035375 | BF12: 0.0072460464 | BG12: -0.0011864126 | BH12: -0.0016139024 | BI12: -0.00052050377 | BJ12: -0.0015043342 | BK12: 0.00056287326 | BL12: 0.00032073306 | BM12: -0.00025071576 | BN12: -0.00024932924 | BO12: -9.3173734e-05 | BP12: 0.00078650835 | BQ12: 0.00091648033 | BR12: 0.0003770237 | BS12: 0.00035885519 | BT12: 0.0016922414 | BU12: 0.0002525274 | BV12: 0.00087600618 | BW12: 0.0010155838 | BX12: 0.00037202846 | BY12: 0.0012520031 | BZ12: -4.3762303e-05 | CA12: 0.00034871328 | CB12: 0.00073807079 | CC12: 0.0013119168 | CD12: 0.00038653153 | CE12: 0.00037807238 | CF12: -0.00022830423 | CG12: 0.00061324523 | CH12: -0.0070978953
A13: demAge81to82_Mixed | B13: 0.52756958 | C13: -0.00095026769 | D13: -0.0028534232 | E13: -0.0010946813 | F13: -0.0018564324 | G13: 0.032295201 | H13: 0.034107422 | I13: 0.034302755 | J13: 0.033839651 | K13: 0.034710391 | L13: 0.034557435 | M13: 0.035061346 | N13: 0.06000039 | O13: 0.035274448 | P13: 0.03600467 | Q13: -0.0043363299 | R13: -0.0060714423 | S13: -0.0066831399 | T13: 0.011939068 | U13: 0.0023620478 | V13: 0.00042475036 | W13: -0.0009723772 | X13: -0.0023545122 | Y13: -0.00089848194 | Z13: 0.0017846739 | AA13: 0.0018660639 | AB13: -9.3827422e-05 | AC13: 0.0040619093 | AD13: 0.0012380342 | AE13: 0.00033477137 | AF13: 0.00025483738 | AG13: 0.0018714343 | AH13: 0.001306564 | AI13: -0.0023064212 | AJ13: -0.0018277242 | AK13: -0.0018650925 | AL13: -7.2992746e-06 | AM13: 0.00094734052 | AN13: 0.00065421063 | AO13: -0.00012798544 | AP13: 0.0026488008 | AQ13: 0.006245291 | AR13: -0.02890393 | AS13: -0.0010126235 | AT13: -0.0012723982 | AU13: 0.00012288242 | AV13: -0.0011370639 | AW13: 0.0071244799 | AX13: 0.0076536465 | AY13: 0.0076466608 | AZ13: 0.0073145153 | BA13: 0.0077216636 | BB13: 0.007585621 | BC13: 0.0074899971 | BD13: 0.014879572 | BE13: 0.0080102757 | BF13: 0.0078811353 | BG13: -0.0019372766 | BH13: -0.0022401947 | BI13: -0.0022275613 | BJ13: -0.002292253 | BK13: 0.0011329776 | BL13: -0.00070134624 | BM13: -0.00021651357 | BN13: -0.00057468561 | BO13: -0.00018837353 | BP13: 0.0013577233 | BQ13: -9.1222683e-05 | BR13: 0.00043553404 | BS13: 0.0010142625 | BT13: 0.0016163079 | BU13: -3.0501111e-05 | BV13: 0.0013034025 | BW13: 0.00033473015 | BX13: -0.0008392184 | BY13: 0.00019771898 | BZ13: -0.00017417144 | CA13: 0.00017475571 | CB13: 0.00086611491 | CC13: 0.0007977501 | CD13: 0.0011074877 | CE13: 0.00044045214 | CF13: 0.0018749689 | CG13: 0.00043171949 | CH13: -0.0055665231
... A85: Constant_Formal | B85: -0.96075646 | C85: 0.0036224691 | D85: -0.00077221851 | E85: -0.00013070251 | F85: -0.00089352528 | G85: -0.0080165179 | H85: -0.0060081741 | I85: -0.0061158276 | J85: -0.0058813824 | K85: -0.006713083 | L85: -0.0081725184 | M85: -0.0070978953 | N85: -0.0055665231 | O85: -0.0063489555 | P85: -0.0066180522 | Q85: -0.0026479426 | R85: -0.0015071267 | S85: -0.0021311002 | T85: -0.0002180992 | U85: -0.001037056 | V85: -0.0063983342 | W85: -0.0077852496 | X85: -0.003229726 | Y85: -0.0029460536 | Z85: -0.0053616446 | AA85: -0.0094425572 | AB85: -0.0018102328 | AC85: -0.00032813382 | AD85: -0.018246363 | AE85: -0.017824706 | AF85: -0.018752306 | AG85: -0.018270741 | AH85: -0.017166188 | AI85: -0.017943982 | AJ85: -0.018413795 | AK85: -0.01888834 | AL85: -0.018528757 | AM85: -0.019413572 | AN85: -0.019043701 | AO85: -0.0078661429 | AP85: -0.015963569 | AQ85: -0.0076910474 | AR85: 0.037129804 | AS85: -0.00058098319 | AT85: -0.0030485906 | AU85: -0.0030117558 | AV85: -0.0017458157 | AW85: -0.049798781 | AX85: -0.05017639 | AY85: -0.048406289 | AZ85: -0.038214439 | BA85: -0.046680885 | BB85: -0.048237362 | BC85: -0.045748736 | BD85: -0.04809379 | BE85: -0.045464756 | BF85: -0.040526301 | BG85: -0.015632652 | BH85: -0.01359913 | BI85: -0.015289881 | BJ85: -0.014549911 | BK85: -0.0072693509 | BL85: -0.018340755 | BM85: -0.0255868 | BN85: -0.014351359 | BO85: -0.014490697 | BP85: -0.022136215 | BQ85: -0.033347973 | BR85: -0.0094259264 | BS85: -0.0028952554 | BT85: -0.061957356 | BU85: -0.05424663 | BV85: -0.057021926 | BW85: -0.061337057 | BX85: -0.057819269 | BY85: -0.053280893 | BZ85: -0.056038484 | CA85: -0.060419595 | CB85: -0.058892193 | CC85: -0.060810357 | CD85: -0.058470117 | CE85: -0.018369839 | CF85: -0.042712699 | CG85: -0.039794315 | CH85: 0.14970142

Sheet S2d
A1: REGRESSOR | B1: COEFFICIENT | C1: careHrsInformalIhsL1 | D1: careMarketMixed | E1: demMaleFlag | F1: demAge | G1: demAgeSq | H1: healthSelfRatedFair | I1: healthSelfRatedGood | J1: healthSelfRatedVeryGood | K1: healthSelfRatedExcellent | L1: demPartnerStatusPartnered | M1: eduHighestC4Medium | N1: eduHighestC4Low | O1: yHhQuintilesMonthC5Q2 | P1: yHhQuintilesMonthC5Q3 | Q1: yHhQuintilesMonthC5Q4 | R1: yHhQuintilesMonthC5Q5 | S1: demYear2020 | T1: demYear2021 | U1: demRgnUKC | V1: demRgnUKD | W1: demRgnUKE | X1: demRgnUKF | Y1: demRgnUKG | Z1: demRgnUKH | AA1: demRgnUKJ | AB1: demRgnUKK | AC1: demRgnUKL | AD1: demRgnUKM | AE1: demRgnUKN | AF1: Constant
A2: careHrsInformalIhsL1 | B2: 0.17410708 | C2: 7.1549753e-05 | D2: -7.6819736e-06 | E2: 5.5441422e-06 | F2: 9.0338091e-06 | G2: -6.8503492e-08 | H2: 6.4596037e-05 | I2: 8.5997111e-05 | J2: 0.00012569456 | K2: 0.0001058555 | L2: -5.5416017e-05 | M2: 3.5122765e-06 | N2: -1.2839931e-05 | O2: 2.6586308e-05 | P2: 5.5464677e-05 | Q2: 5.6910142e-05 | R2: 2.3809295e-05 | S2: -1.4431762e-05 | T2: -1.8894249e-05 | U2: -6.9720044e-06 | V2: -2.7728187e-05 | W2: -6.2862485e-06 | X2: 6.1845143e-06 | Y2: -2.2086736e-05 | Z2: -9.7269335e-06 | AA2: 5.354611e-06 | AB2: -6.3347644e-06 | AC2: -2.3389572e-05 | AD2: -1.851246e-05 | AE2: -4.5008681e-05 | AF2: -0.0004506278
A3: careMarketMixed | B3: 0.055669602 | C3: -7.6819736e-06 | D3: 0.0012308366 | E3: 3.8963937e-05 | F3: -2.1898578e-05 | G3: 1.0628855e-07 | H3: 5.8375217e-06 | I3: 1.2670781e-05 | J3: 4.3802995e-05 | K3: 8.2427881e-05 | L3: 0.00019223668 | M3: -3.2202765e-05 | N3: -9.8352688e-06 | O3: -5.1704422e-05 | P3: -9.6560653e-05 | Q3: -0.00010573171 | R3: -0.00027141584 | S3: -3.4446871e-05 | T3: 2.160502e-05 | U3: 6.0626315e-05 | V3: -3.7764276e-05 | W3: -2.6848014e-05 | X3: -4.1106003e-05 | Y3: -6.185133e-05 | Z3: -0.00012406801 | AA3: -0.0001097758 | AB3: -0.00011322477 | AC3: -1.7584799e-06 | AD3: -7.5807936e-05 | AE3: -0.00014805206 | AF3: 0.00081240172
A4: demMaleFlag | B4: 0.084035664 | C4: 5.5441422e-06 | D4: 3.8963937e-05 | E4: 0.00095299266 | F4: -1.5041889e-05 | G4: 4.5378731e-08 | H4: 0.00011932125 | I4: 0.00015795123 | J4: 9.206521e-05 | K4: 5.077995e-06 | L4: -0.00023045223 | M4: 1.1601697e-05 | N4: 0.00012963434 | O4: -2.5745522e-05 | P4: -6.010507e-05 | Q4: -5.5126137e-05 | R4: -0.00010246258 | S4: 9.3187672e-06 | T4: 4.6481867e-05 | U4: 0.00014937743 | V4: -1.9837526e-05 | W4: 1.5593144e-05 | X4: -4.3904318e-05 | Y4: 5.2376715e-05 | Z4: 3.00994e-06 | AA4: 2.6462698e-05 | AB4: 4.0210912e-05 | AC4: -6.3704896e-06 | AD4: -5.4074133e-05 | AE4: -0.00010052397 | AF4: 0.00051091371
A5: demAge | B5: -0.17449011 | C5: 9.0338091e-06 | D5: -2.1898578e-05 | E5: -1.5041889e-05 | F5: 0.0011243075 | G5: -7.0970469e-06 | H5: -1.966603e-05 | I5: -0.00011773265 | J5: -2.5688531e-05 | K5: 4.6634065e-05 | L5: -0.00010123227 | M5: -6.7982168e-05 | N5: 9.295234e-06 | O5: -0.00013397218 | P5: -9.7135658e-05 | Q5: 7.4017933e-05 | R5: 0.00012751928 | S5: -2.9104699e-05 | T5: -7.2102638e-05 | U5: -0.00015176574 | V5: 4.3233328e-05 | W5: -0.00011792548 | X5: -4.4433024e-05 | Y5: -8.3264494e-05 | Z5: -6.3740888e-05 | AA5: -4.2245942e-06 | AB5: 7.8348103e-06 | AC5: 9.7103403e-06 | AD5: 6.0735585e-05 | AE5: 2.1620093e-05 | AF5: -0.043858111
A6: demAgeSq | B6: 0.0011387651 | C6: -6.8503492e-08 | D6: 1.0628855e-07 | E6: 4.5378731e-08 | F6: -7.0970469e-06 | G6: 4.497614e-08 | H6: 5.8017348e-08 | I6: 6.282422e-07 | J6: 2.751957e-08 | K6: -4.0606372e-07 | L6: 8.1616205e-07 | M6: 4.2830845e-07 | N6: -1.1410963e-07 | O6: 7.8163081e-07 | P6: 5.8360717e-07 | Q6: -4.915918e-07 | R6: -8.2354141e-07 | S6: 2.0377196e-07 | T6: 4.7559122e-07 | U6: 9.9622054e-07 | V6: -2.6907123e-07 | W6: 7.5812135e-07 | X6: 2.7268874e-07 | Y6: 5.0897007e-07 | Z6: 3.915484e-07 | AA6: -2.6624346e-08 | AB6: -8.0935955e-08 | AC6: -6.211387e-08 | AD6: -3.719098e-07 | AE6: -1.4419342e-07 | AF6: 0.00027587835
A7: healthSelfRatedFair | B7: -0.45901044 | C7: 6.4596037e-05 | D7: 5.8375217e-06 | E7: 0.00011932125 | F7: -1.966603e-05 | G7: 5.8017348e-08 | H7: 0.0015684713 | I7: 0.0011054642 | J7: 0.001135272 | K7: 0.0011068803 | L7: -0.00012393884 | M7: 0.00011563849 | N7: 8.5390005e-05 | O7: -9.7495917e-05 | P7: -4.9264343e-05 | Q7: -4.1469199e-05 | R7: -3.3848897e-05 | S7: -2.5296734e-05 | T7: -8.442955e-05 | U7: 7.0531757e-05 | V7: -0.00011745679 | W7: -5.0667404e-05 | X7: -0.00016727596 | Y7: -8.2507951e-05 | Z7: -0.00011892051 | AA7: -4.5950466e-05 | AB7: -3.5162529e-05 | AC7: 4.2199941e-05 | AD7: -6.0668534e-05 | AE7: -0.00016315423 | AF7: 8.3993376e-05
A8: healthSelfRatedGood | B8: -0.53893809 | C8: 8.5997111e-05 | D8: 1.2670781e-05 | E8: 0.00015795123 | F8: -0.00011773265 | G8: 6.282422e-07 | H8: 0.0011054642 | I8: 0.0017978405 | J8: 0.0012184461 | K8: 0.0011542271 | L8: -0.00018709345 | M8: 5.9118142e-05 | N8: 5.7749804e-05 | O8: -6.4927186e-05 | P8: -7.9806968e-05 | Q8: -0.00016041432 | R8: -6.6827767e-05 | S8: -1.1548037e-05 | T8: -3.0943657e-05 | U8: 0.00016024879 | V8: -0.00010893857 | W8: -2.9193862e-05 | X8: -0.00022108713 | Y8: -2.7365993e-05 | Z8: -3.6646256e-06 | AA8: -5.0149391e-05 | AB8: -3.9658407e-05 | AC8: -3.6209653e-06 | AD8: -3.050553e-05 | AE8: -0.00021781872 | AF8: 0.0041707537
A9: healthSelfRatedVeryGood | B9: -0.80813123 | C9: 0.00012569456 | D9: 4.3802995e-05 | E9: 9.206521e-05 | F9: -2.5688531e-05 | G9: 2.751957e-08 | H9: 0.001135272 | I9: 0.0012184461 | J9: 0.0032873334 | K9: 0.0012893177 | L9: -0.00020628969 | M9: 8.9898525e-05 | N9: 7.9131799e-05 | O9: -7.1272096e-05 | P9: -0.0001945399 | Q9: -0.00020426306 | R9: -0.00028100339 | S9: 3.6557109e-05 | T9: -6.3803574e-05 | U9: -9.3072943e-05 | V9: -0.00039886555 | W9: -0.00021494144 | X9: -0.00047327024 | Y9: -0.0001888833 | Z9: -0.0003014472 | AA9: -0.00029294739 | AB9: -0.00025236559 | AC9: -0.00017412088 | AD9: -0.00032028734 | AE9: -0.00031295305 | AF9: 0.0008364011
A10: healthSelfRatedExcellent | B10: -0.81179725 | C10: 0.0001058555 | D10: 8.2427881e-05 | E10: 5.077995e-06 | F10: 4.6634065e-05 | G10: -4.0606372e-07 | H10: 0.0011068803 | I10: 0.0011542271 | J10: 0.0012893177 | K10: 0.015106442 | L10: -0.00019763843 | M10: 0.000617172 | N10: 0.00056289701 | O10: 0.00018464212 | P10: 0.00015854565 | Q10: 2.8548198e-05 | R10: -0.0006491272 | S10: -6.9380631e-05 | T10: -9.2213466e-06 | U10: 0.00060911166 | V10: 3.9608346e-05 | W10: 0.0004271209 | X10: 0.00036106161 | Y10: 0.000595195 | Z10: 3.1598086e-05 | AA10: 0.0001411815 | AB10: 0.00026519284 | AC10: 0.00037771025 | AD10: 0.00047268507 | AE10: 0.00032140615 | AF10: -0.0032681612
A11: demPartnerStatusPartnered | B11: 0.3870772 | C11: -5.5416017e-05 | D11: 0.00019223668 | E11: -0.00023045223 | F11: -0.00010123227 | G11: 8.1616205e-07 | H11: -0.00012393884 | I11: -0.00018709345 | J11: -0.00020628969 | K11: -0.00019763843 | L11: 0.0012021274 | M11: 6.0834618e-05 | N11: 5.5106288e-05 | O11: -0.00036037334 | P11: -0.00053513366 | Q11: -0.00052383698 | R11: -0.00051295669 | S11: -3.9059771e-06 | T11: -3.2365052e-05 | U11: 8.3007092e-06 | V11: -0.00018816355 | W11: -0.0001884997 | X11: -8.9234575e-05 | Y11: -7.8197472e-05 | Z11: -0.00025831874 | AA11: -0.00010370283 | AB11: -0.00016564856 | AC11: -0.00019078176 | AD11: -5.8947876e-05 | AE11: -0.00012355186 | AF11: 0.0029517427
A12: eduHighestC4Medium | B12: 0.018085334 | C12: 3.5122765e-06 | D12: -3.2202765e-05 | E12: 1.1601697e-05 | F12: -6.7982168e-05 | G12: 4.2830845e-07 | H12: 0.00011563849 | I12: 5.9118142e-05 | J12: 8.9898525e-05 | K12: 0.000617172 | L12: 6.0834618e-05 | M12: 0.0029899782 | N12: 0.0025557859 | O12: 5.1883762e-06 | P12: 0.00020252716 | Q12: 0.00070823744 | R12: 0.0010306136 | S12: 3.0870518e-05 | T12: -2.6987215e-05 | U12: 0.00012811173 | V12: -0.00016707767 | W12: -5.0231079e-05 | X12: -7.9590051e-05 | Y12: -0.00017774325 | Z12: -7.9413936e-05 | AA12: 9.3817349e-05 | AB12: -0.00027010063 | AC12: -9.7115903e-05 | AD12: -5.701879e-05 | AE12: -7.322521e-05 | AF12: 4.2968041e-05
A13: eduHighestC4Low | B13: 0.11722541 | C13: -1.2839931e-05 | D13: -9.8352688e-06 | E13: 0.00012963434 | F13: 9.295234e-06 | G13: -1.1410963e-07 | H13: 8.5390005e-05 | I13: 5.7749804e-05 | J13: 7.9131799e-05 | K13: 0.00056289701 | L13: 5.5106288e-05 | M13: 0.0025557859 | N13: 0.0031072625 | O13: 1.6759741e-05 | P13: 0.00036895052 | Q13: 0.0009452442 | R13: 0.0013175098 | S13: 5.480374e-05 | T13: 4.4338932e-05 | U13: -7.0868043e-05 | V13: -0.00039902089 | W13: -0.00024096441 | X13: -0.00032037394 | Y13: -0.00031715475 | Z13: -0.00023324618 | AA13: -2.1876914e-05 | AB13: -0.00042608399 | AC13: -0.00023744694 | AD13: -0.00010322249 | AE13: -0.00029117197 | AF13: -0.0027368578
... A31: Constant | B31: 9.4082342 | C31: -0.0004506278 | D31: 0.00081240172 | E31: 0.00051091371 | F31: -0.043858111 | G31: 0.00027587835 | H31: 8.3993376e-05 | I31: 0.0041707537 | J31: 0.0008364011 | K31: -0.0032681612 | L31: 0.0029517427 | M31: 4.2968041e-05 | N31: -0.0027368578 | O31: 0.0046059944 | P31: 0.002742453 | Q31: -0.0046293339 | R31: -0.0069932567 | S31: 0.00066690762 | T31: 0.0023998018 | U31: 0.0012943013 | V31: -0.0054678369 | W31: 0.00055408074 | X31: -0.0019323449 | Y31: -0.00041989398 | Z31: -0.001309028 | AA31: -0.0035539955 | AB31: -0.0038407546 | AC31: -0.0043292807 | AD31: -0.006487424 | AE31: -0.0046897351 | AF31: 1.7248252

Sheet S2e
